Timing Analyzer report for jpjr
Thu May 07 15:05:03 2026
Quartus Prime Version 18.1.0 Build 625 09/12/2018 SJ Lite Edition


---------------------
; Table of Contents ;
---------------------
  1. Legal Notice
  2. Timing Analyzer Summary
  3. Parallel Compilation
  4. Clocks
  5. Slow 1100mV 85C Model Fmax Summary
  6. Timing Closure Recommendations
  7. Slow 1100mV 85C Model Setup Summary
  8. Slow 1100mV 85C Model Hold Summary
  9. Slow 1100mV 85C Model Recovery Summary
 10. Slow 1100mV 85C Model Removal Summary
 11. Slow 1100mV 85C Model Minimum Pulse Width Summary
 12. Slow 1100mV 85C Model Metastability Summary
 13. Slow 1100mV 0C Model Fmax Summary
 14. Slow 1100mV 0C Model Setup Summary
 15. Slow 1100mV 0C Model Hold Summary
 16. Slow 1100mV 0C Model Recovery Summary
 17. Slow 1100mV 0C Model Removal Summary
 18. Slow 1100mV 0C Model Minimum Pulse Width Summary
 19. Slow 1100mV 0C Model Metastability Summary
 20. Fast 1100mV 85C Model Setup Summary
 21. Fast 1100mV 85C Model Hold Summary
 22. Fast 1100mV 85C Model Recovery Summary
 23. Fast 1100mV 85C Model Removal Summary
 24. Fast 1100mV 85C Model Minimum Pulse Width Summary
 25. Fast 1100mV 85C Model Metastability Summary
 26. Fast 1100mV 0C Model Setup Summary
 27. Fast 1100mV 0C Model Hold Summary
 28. Fast 1100mV 0C Model Recovery Summary
 29. Fast 1100mV 0C Model Removal Summary
 30. Fast 1100mV 0C Model Minimum Pulse Width Summary
 31. Fast 1100mV 0C Model Metastability Summary
 32. Multicorner Timing Analysis Summary
 33. Board Trace Model Assignments
 34. Input Transition Times
 35. Signal Integrity Metrics (Slow 1100mv 0c Model)
 36. Signal Integrity Metrics (Slow 1100mv 85c Model)
 37. Signal Integrity Metrics (Fast 1100mv 0c Model)
 38. Signal Integrity Metrics (Fast 1100mv 85c Model)
 39. Setup Transfers
 40. Hold Transfers
 41. Recovery Transfers
 42. Removal Transfers
 43. Report TCCS
 44. Report RSKM
 45. Unconstrained Paths Summary
 46. Clock Status Summary
 47. Unconstrained Input Ports
 48. Unconstrained Output Ports
 49. Unconstrained Input Ports
 50. Unconstrained Output Ports
 51. Timing Analyzer Messages



----------------
; Legal Notice ;
----------------
Copyright (C) 2018  Intel Corporation. All rights reserved.
Your use of Intel Corporation's design tools, logic functions 
and other software and tools, and its AMPP partner logic 
functions, and any output files from any of the foregoing 
(including device programming or simulation files), and any 
associated documentation or information are expressly subject 
to the terms and conditions of the Intel Program License 
Subscription Agreement, the Intel Quartus Prime License Agreement,
the Intel FPGA IP License Agreement, or other applicable license
agreement, including, without limitation, that your use is for
the sole purpose of programming logic devices manufactured by
Intel and sold by Intel or its authorized distributors.  Please
refer to the applicable agreement for further details.



+-----------------------------------------------------------------------------+
; Timing Analyzer Summary                                                     ;
+-----------------------+-----------------------------------------------------+
; Quartus Prime Version ; Version 18.1.0 Build 625 09/12/2018 SJ Lite Edition ;
; Timing Analyzer       ; Legacy Timing Analyzer                              ;
; Revision Name         ; jpjr                                                ;
; Device Family         ; Cyclone V                                           ;
; Device Name           ; 5CEBA4F23C7                                         ;
; Timing Models         ; Final                                               ;
; Delay Model           ; Combined                                            ;
; Rise/Fall Delays      ; Enabled                                             ;
+-----------------------+-----------------------------------------------------+


+------------------------------------------+
; Parallel Compilation                     ;
+----------------------------+-------------+
; Processors                 ; Number      ;
+----------------------------+-------------+
; Number detected on machine ; 22          ;
; Maximum allowed            ; 16          ;
;                            ;             ;
; Average used               ; 1.73        ;
; Maximum used               ; 16          ;
;                            ;             ;
; Usage by Processor         ; % Time Used ;
;     Processor 1            ; 100.0%      ;
;     Processor 2            ;   5.7%      ;
;     Processor 3            ;   5.5%      ;
;     Processor 4            ;   5.4%      ;
;     Processor 5            ;   4.9%      ;
;     Processor 6            ;   4.8%      ;
;     Processor 7            ;   4.8%      ;
;     Processor 8            ;   4.8%      ;
;     Processor 9            ;   4.8%      ;
;     Processor 10           ;   4.8%      ;
;     Processor 11           ;   4.7%      ;
;     Processor 12           ;   4.7%      ;
;     Processor 13           ;   4.6%      ;
;     Processor 14           ;   4.6%      ;
;     Processor 15           ;   4.5%      ;
;     Processor 16           ;   4.5%      ;
+----------------------------+-------------+


+--------------------------------------------------------------------------------------------------------------------------------------------------------------------------------------------------------------------------------------+
; Clocks                                                                                                                                                                                                                               ;
+-----------------------------------+------+--------+------------+-------+-------+------------+-----------+-------------+-------+--------+-----------+------------+----------+--------+--------+---------------------------------------+
; Clock Name                        ; Type ; Period ; Frequency  ; Rise  ; Fall  ; Duty Cycle ; Divide by ; Multiply by ; Phase ; Offset ; Edge List ; Edge Shift ; Inverted ; Master ; Source ; Targets                               ;
+-----------------------------------+------+--------+------------+-------+-------+------------+-----------+-------------+-------+--------+-----------+------------+----------+--------+--------+---------------------------------------+
; clk25                             ; Base ; 1.000  ; 1000.0 MHz ; 0.000 ; 0.500 ;            ;           ;             ;       ;        ;           ;            ;          ;        ;        ; { clk25 }                             ;
; CLOCK_50                          ; Base ; 1.000  ; 1000.0 MHz ; 0.000 ; 0.500 ;            ;           ;             ;       ;        ;           ;            ;          ;        ;        ; { CLOCK_50 }                          ;
; MOUSE:mouse_inst|MOUSE_CLK_FILTER ; Base ; 1.000  ; 1000.0 MHz ; 0.000 ; 0.500 ;            ;           ;             ;       ;        ;           ;            ;          ;        ;        ; { MOUSE:mouse_inst|MOUSE_CLK_FILTER } ;
+-----------------------------------+------+--------+------------+-------+-------+------------+-----------+-------------+-------+--------+-----------+------------+----------+--------+--------+---------------------------------------+


+-------------------------------------------------------------------------+
; Slow 1100mV 85C Model Fmax Summary                                      ;
+------------+-----------------+-----------------------------------+------+
; Fmax       ; Restricted Fmax ; Clock Name                        ; Note ;
+------------+-----------------+-----------------------------------+------+
; 209.86 MHz ; 209.86 MHz      ; MOUSE:mouse_inst|MOUSE_CLK_FILTER ;      ;
; 245.82 MHz ; 245.82 MHz      ; clk25                             ;      ;
+------------+-----------------+-----------------------------------+------+
This panel reports FMAX for every clock in the design, regardless of the user-specified clock periods.  FMAX is only computed for paths where the source and destination registers or ports are driven by the same clock.  Paths of different clocks, including generated clocks, are ignored.  For paths between a clock and its inversion, FMAX is computed as if the rising and falling edges are scaled along with FMAX, such that the duty cycle (in terms of a percentage) is maintained. Altera recommends that you always use clock constraints and other slack reports for sign-off analysis.


----------------------------------
; Timing Closure Recommendations ;
----------------------------------
HTML report is unavailable in plain text report export.


+------------------------------------------------------------+
; Slow 1100mV 85C Model Setup Summary                        ;
+-----------------------------------+--------+---------------+
; Clock                             ; Slack  ; End Point TNS ;
+-----------------------------------+--------+---------------+
; clk25                             ; -5.095 ; -218.222      ;
; MOUSE:mouse_inst|MOUSE_CLK_FILTER ; -3.765 ; -271.187      ;
; CLOCK_50                          ; -2.237 ; -2.237        ;
+-----------------------------------+--------+---------------+


+-----------------------------------------------------------+
; Slow 1100mV 85C Model Hold Summary                        ;
+-----------------------------------+-------+---------------+
; Clock                             ; Slack ; End Point TNS ;
+-----------------------------------+-------+---------------+
; clk25                             ; 0.070 ; 0.000         ;
; MOUSE:mouse_inst|MOUSE_CLK_FILTER ; 0.489 ; 0.000         ;
; CLOCK_50                          ; 0.701 ; 0.000         ;
+-----------------------------------+-------+---------------+


+------------------------------------------------------------+
; Slow 1100mV 85C Model Recovery Summary                     ;
+-----------------------------------+--------+---------------+
; Clock                             ; Slack  ; End Point TNS ;
+-----------------------------------+--------+---------------+
; MOUSE:mouse_inst|MOUSE_CLK_FILTER ; -1.513 ; -24.101       ;
+-----------------------------------+--------+---------------+


+-----------------------------------------------------------+
; Slow 1100mV 85C Model Removal Summary                     ;
+-----------------------------------+-------+---------------+
; Clock                             ; Slack ; End Point TNS ;
+-----------------------------------+-------+---------------+
; MOUSE:mouse_inst|MOUSE_CLK_FILTER ; 0.683 ; 0.000         ;
+-----------------------------------+-------+---------------+


+------------------------------------------------------------+
; Slow 1100mV 85C Model Minimum Pulse Width Summary          ;
+-----------------------------------+--------+---------------+
; Clock                             ; Slack  ; End Point TNS ;
+-----------------------------------+--------+---------------+
; CLOCK_50                          ; -0.563 ; -1.101        ;
; clk25                             ; -0.538 ; -81.332       ;
; MOUSE:mouse_inst|MOUSE_CLK_FILTER ; -0.538 ; -74.199       ;
+-----------------------------------+--------+---------------+


-----------------------------------------------
; Slow 1100mV 85C Model Metastability Summary ;
-----------------------------------------------
No synchronizer chains to report.


+-------------------------------------------------------------------------+
; Slow 1100mV 0C Model Fmax Summary                                       ;
+------------+-----------------+-----------------------------------+------+
; Fmax       ; Restricted Fmax ; Clock Name                        ; Note ;
+------------+-----------------+-----------------------------------+------+
; 219.2 MHz  ; 219.2 MHz       ; MOUSE:mouse_inst|MOUSE_CLK_FILTER ;      ;
; 244.26 MHz ; 244.26 MHz      ; clk25                             ;      ;
+------------+-----------------+-----------------------------------+------+
This panel reports FMAX for every clock in the design, regardless of the user-specified clock periods.  FMAX is only computed for paths where the source and destination registers or ports are driven by the same clock.  Paths of different clocks, including generated clocks, are ignored.  For paths between a clock and its inversion, FMAX is computed as if the rising and falling edges are scaled along with FMAX, such that the duty cycle (in terms of a percentage) is maintained. Altera recommends that you always use clock constraints and other slack reports for sign-off analysis.


+------------------------------------------------------------+
; Slow 1100mV 0C Model Setup Summary                         ;
+-----------------------------------+--------+---------------+
; Clock                             ; Slack  ; End Point TNS ;
+-----------------------------------+--------+---------------+
; clk25                             ; -5.352 ; -215.986      ;
; MOUSE:mouse_inst|MOUSE_CLK_FILTER ; -3.562 ; -255.849      ;
; CLOCK_50                          ; -2.140 ; -2.140        ;
+-----------------------------------+--------+---------------+


+-----------------------------------------------------------+
; Slow 1100mV 0C Model Hold Summary                         ;
+-----------------------------------+-------+---------------+
; Clock                             ; Slack ; End Point TNS ;
+-----------------------------------+-------+---------------+
; clk25                             ; 0.212 ; 0.000         ;
; MOUSE:mouse_inst|MOUSE_CLK_FILTER ; 0.461 ; 0.000         ;
; CLOCK_50                          ; 0.629 ; 0.000         ;
+-----------------------------------+-------+---------------+


+------------------------------------------------------------+
; Slow 1100mV 0C Model Recovery Summary                      ;
+-----------------------------------+--------+---------------+
; Clock                             ; Slack  ; End Point TNS ;
+-----------------------------------+--------+---------------+
; MOUSE:mouse_inst|MOUSE_CLK_FILTER ; -1.390 ; -22.136       ;
+-----------------------------------+--------+---------------+


+-----------------------------------------------------------+
; Slow 1100mV 0C Model Removal Summary                      ;
+-----------------------------------+-------+---------------+
; Clock                             ; Slack ; End Point TNS ;
+-----------------------------------+-------+---------------+
; MOUSE:mouse_inst|MOUSE_CLK_FILTER ; 0.597 ; 0.000         ;
+-----------------------------------+-------+---------------+


+------------------------------------------------------------+
; Slow 1100mV 0C Model Minimum Pulse Width Summary           ;
+-----------------------------------+--------+---------------+
; Clock                             ; Slack  ; End Point TNS ;
+-----------------------------------+--------+---------------+
; CLOCK_50                          ; -0.606 ; -1.144        ;
; clk25                             ; -0.538 ; -80.498       ;
; MOUSE:mouse_inst|MOUSE_CLK_FILTER ; -0.538 ; -73.299       ;
+-----------------------------------+--------+---------------+


----------------------------------------------
; Slow 1100mV 0C Model Metastability Summary ;
----------------------------------------------
No synchronizer chains to report.


+------------------------------------------------------------+
; Fast 1100mV 85C Model Setup Summary                        ;
+-----------------------------------+--------+---------------+
; Clock                             ; Slack  ; End Point TNS ;
+-----------------------------------+--------+---------------+
; clk25                             ; -2.561 ; -83.140       ;
; CLOCK_50                          ; -1.645 ; -1.645        ;
; MOUSE:mouse_inst|MOUSE_CLK_FILTER ; -1.502 ; -107.333      ;
+-----------------------------------+--------+---------------+


+------------------------------------------------------------+
; Fast 1100mV 85C Model Hold Summary                         ;
+-----------------------------------+--------+---------------+
; Clock                             ; Slack  ; End Point TNS ;
+-----------------------------------+--------+---------------+
; clk25                             ; -0.175 ; -0.175        ;
; MOUSE:mouse_inst|MOUSE_CLK_FILTER ; 0.221  ; 0.000         ;
; CLOCK_50                          ; 0.779  ; 0.000         ;
+-----------------------------------+--------+---------------+


+------------------------------------------------------------+
; Fast 1100mV 85C Model Recovery Summary                     ;
+-----------------------------------+--------+---------------+
; Clock                             ; Slack  ; End Point TNS ;
+-----------------------------------+--------+---------------+
; MOUSE:mouse_inst|MOUSE_CLK_FILTER ; -0.622 ; -9.916        ;
+-----------------------------------+--------+---------------+


+-----------------------------------------------------------+
; Fast 1100mV 85C Model Removal Summary                     ;
+-----------------------------------+-------+---------------+
; Clock                             ; Slack ; End Point TNS ;
+-----------------------------------+-------+---------------+
; MOUSE:mouse_inst|MOUSE_CLK_FILTER ; 0.195 ; 0.000         ;
+-----------------------------------+-------+---------------+


+------------------------------------------------------------+
; Fast 1100mV 85C Model Minimum Pulse Width Summary          ;
+-----------------------------------+--------+---------------+
; Clock                             ; Slack  ; End Point TNS ;
+-----------------------------------+--------+---------------+
; CLOCK_50                          ; -0.683 ; -1.179        ;
; clk25                             ; -0.076 ; -1.534        ;
; MOUSE:mouse_inst|MOUSE_CLK_FILTER ; -0.004 ; -0.004        ;
+-----------------------------------+--------+---------------+


-----------------------------------------------
; Fast 1100mV 85C Model Metastability Summary ;
-----------------------------------------------
No synchronizer chains to report.


+------------------------------------------------------------+
; Fast 1100mV 0C Model Setup Summary                         ;
+-----------------------------------+--------+---------------+
; Clock                             ; Slack  ; End Point TNS ;
+-----------------------------------+--------+---------------+
; clk25                             ; -2.315 ; -70.607       ;
; CLOCK_50                          ; -1.386 ; -1.386        ;
; MOUSE:mouse_inst|MOUSE_CLK_FILTER ; -1.287 ; -92.389       ;
+-----------------------------------+--------+---------------+


+------------------------------------------------------------+
; Fast 1100mV 0C Model Hold Summary                          ;
+-----------------------------------+--------+---------------+
; Clock                             ; Slack  ; End Point TNS ;
+-----------------------------------+--------+---------------+
; clk25                             ; -0.165 ; -0.165        ;
; MOUSE:mouse_inst|MOUSE_CLK_FILTER ; 0.213  ; 0.000         ;
; CLOCK_50                          ; 0.569  ; 0.000         ;
+-----------------------------------+--------+---------------+


+------------------------------------------------------------+
; Fast 1100mV 0C Model Recovery Summary                      ;
+-----------------------------------+--------+---------------+
; Clock                             ; Slack  ; End Point TNS ;
+-----------------------------------+--------+---------------+
; MOUSE:mouse_inst|MOUSE_CLK_FILTER ; -0.543 ; -8.649        ;
+-----------------------------------+--------+---------------+


+-----------------------------------------------------------+
; Fast 1100mV 0C Model Removal Summary                      ;
+-----------------------------------+-------+---------------+
; Clock                             ; Slack ; End Point TNS ;
+-----------------------------------+-------+---------------+
; MOUSE:mouse_inst|MOUSE_CLK_FILTER ; 0.172 ; 0.000         ;
+-----------------------------------+-------+---------------+


+------------------------------------------------------------+
; Fast 1100mV 0C Model Minimum Pulse Width Summary           ;
+-----------------------------------+--------+---------------+
; Clock                             ; Slack  ; End Point TNS ;
+-----------------------------------+--------+---------------+
; CLOCK_50                          ; -0.717 ; -1.305        ;
; clk25                             ; -0.022 ; -0.393        ;
; MOUSE:mouse_inst|MOUSE_CLK_FILTER ; 0.017  ; 0.000         ;
+-----------------------------------+--------+---------------+


----------------------------------------------
; Fast 1100mV 0C Model Metastability Summary ;
----------------------------------------------
No synchronizer chains to report.


+---------------------------------------------------------------------------------------------------+
; Multicorner Timing Analysis Summary                                                               ;
+------------------------------------+----------+--------+----------+---------+---------------------+
; Clock                              ; Setup    ; Hold   ; Recovery ; Removal ; Minimum Pulse Width ;
+------------------------------------+----------+--------+----------+---------+---------------------+
; Worst-case Slack                   ; -5.352   ; -0.175 ; -1.513   ; 0.172   ; -0.717              ;
;  CLOCK_50                          ; -2.237   ; 0.569  ; N/A      ; N/A     ; -0.717              ;
;  MOUSE:mouse_inst|MOUSE_CLK_FILTER ; -3.765   ; 0.213  ; -1.513   ; 0.172   ; -0.538              ;
;  clk25                             ; -5.352   ; -0.175 ; N/A      ; N/A     ; -0.538              ;
; Design-wide TNS                    ; -491.646 ; -0.175 ; -24.101  ; 0.0     ; -156.632            ;
;  CLOCK_50                          ; -2.237   ; 0.000  ; N/A      ; N/A     ; -1.305              ;
;  MOUSE:mouse_inst|MOUSE_CLK_FILTER ; -271.187 ; 0.000  ; -24.101  ; 0.000   ; -74.199             ;
;  clk25                             ; -218.222 ; -0.175 ; N/A      ; N/A     ; -81.332             ;
+------------------------------------+----------+--------+----------+---------+---------------------+


+-------------------------------------------------------------------------------------------------------------------------------------------------------------------------------------------------------------------------------------------------------------------------------------------------------------------------------------------------------------------------------------------------------------+
; Board Trace Model Assignments                                                                                                                                                                                                                                                                                                                                                                               ;
+----------+--------------+-------------------+-------------------------+-------------------------+---------------+---------------------+----------------+------------------+--------+------------------+------------------------+------------------------+--------------+---------------+-----------------+-------+---------------------+--------------------+---------------+-----------------+-------------+
; Pin      ; I/O Standard ; Near Tline Length ; Near Tline L per Length ; Near Tline C per Length ; Near Series R ; Near Differential R ; Near Pull-up R ; Near Pull-down R ; Near C ; Far Tline Length ; Far Tline L per Length ; Far Tline C per Length ; Far Series R ; Far Pull-up R ; Far Pull-down R ; Far C ; Termination Voltage ; Far Differential R ; EBD File Name ; EBD Signal Name ; EBD Far-end ;
+----------+--------------+-------------------+-------------------------+-------------------------+---------------+---------------------+----------------+------------------+--------+------------------+------------------------+------------------------+--------------+---------------+-----------------+-------+---------------------+--------------------+---------------+-----------------+-------------+
; LEDR[0]  ; 3.3-V LVTTL  ; 0 in              ; 0 H/in                  ; 0 F/in                  ; short         ; -                   ; open           ; open             ; open   ; 0 in             ; 0 H/in                 ; 0 F/in                 ; short        ; open          ; open            ; open  ; 0 V                 ; -                  ; n/a           ; n/a             ; n/a         ;
; LEDR[1]  ; 3.3-V LVTTL  ; 0 in              ; 0 H/in                  ; 0 F/in                  ; short         ; -                   ; open           ; open             ; open   ; 0 in             ; 0 H/in                 ; 0 F/in                 ; short        ; open          ; open            ; open  ; 0 V                 ; -                  ; n/a           ; n/a             ; n/a         ;
; LEDR[2]  ; 3.3-V LVTTL  ; 0 in              ; 0 H/in                  ; 0 F/in                  ; short         ; -                   ; open           ; open             ; open   ; 0 in             ; 0 H/in                 ; 0 F/in                 ; short        ; open          ; open            ; open  ; 0 V                 ; -                  ; n/a           ; n/a             ; n/a         ;
; LEDR[3]  ; 3.3-V LVTTL  ; 0 in              ; 0 H/in                  ; 0 F/in                  ; short         ; -                   ; open           ; open             ; open   ; 0 in             ; 0 H/in                 ; 0 F/in                 ; short        ; open          ; open            ; open  ; 0 V                 ; -                  ; n/a           ; n/a             ; n/a         ;
; LEDR[4]  ; 3.3-V LVTTL  ; 0 in              ; 0 H/in                  ; 0 F/in                  ; short         ; -                   ; open           ; open             ; open   ; 0 in             ; 0 H/in                 ; 0 F/in                 ; short        ; open          ; open            ; open  ; 0 V                 ; -                  ; n/a           ; n/a             ; n/a         ;
; LEDR[5]  ; 3.3-V LVTTL  ; 0 in              ; 0 H/in                  ; 0 F/in                  ; short         ; -                   ; open           ; open             ; open   ; 0 in             ; 0 H/in                 ; 0 F/in                 ; short        ; open          ; open            ; open  ; 0 V                 ; -                  ; n/a           ; n/a             ; n/a         ;
; LEDR[6]  ; 3.3-V LVTTL  ; 0 in              ; 0 H/in                  ; 0 F/in                  ; short         ; -                   ; open           ; open             ; open   ; 0 in             ; 0 H/in                 ; 0 F/in                 ; short        ; open          ; open            ; open  ; 0 V                 ; -                  ; n/a           ; n/a             ; n/a         ;
; LEDR[7]  ; 3.3-V LVTTL  ; 0 in              ; 0 H/in                  ; 0 F/in                  ; short         ; -                   ; open           ; open             ; open   ; 0 in             ; 0 H/in                 ; 0 F/in                 ; short        ; open          ; open            ; open  ; 0 V                 ; -                  ; n/a           ; n/a             ; n/a         ;
; LEDR[8]  ; 3.3-V LVTTL  ; 0 in              ; 0 H/in                  ; 0 F/in                  ; short         ; -                   ; open           ; open             ; open   ; 0 in             ; 0 H/in                 ; 0 F/in                 ; short        ; open          ; open            ; open  ; 0 V                 ; -                  ; n/a           ; n/a             ; n/a         ;
; LEDR[9]  ; 3.3-V LVTTL  ; 0 in              ; 0 H/in                  ; 0 F/in                  ; short         ; -                   ; open           ; open             ; open   ; 0 in             ; 0 H/in                 ; 0 F/in                 ; short        ; open          ; open            ; open  ; 0 V                 ; -                  ; n/a           ; n/a             ; n/a         ;
; HEX0[0]  ; 3.3-V LVTTL  ; 0 in              ; 0 H/in                  ; 0 F/in                  ; short         ; -                   ; open           ; open             ; open   ; 0 in             ; 0 H/in                 ; 0 F/in                 ; short        ; open          ; open            ; open  ; 0 V                 ; -                  ; n/a           ; n/a             ; n/a         ;
; HEX0[1]  ; 3.3-V LVTTL  ; 0 in              ; 0 H/in                  ; 0 F/in                  ; short         ; -                   ; open           ; open             ; open   ; 0 in             ; 0 H/in                 ; 0 F/in                 ; short        ; open          ; open            ; open  ; 0 V                 ; -                  ; n/a           ; n/a             ; n/a         ;
; HEX0[2]  ; 3.3-V LVTTL  ; 0 in              ; 0 H/in                  ; 0 F/in                  ; short         ; -                   ; open           ; open             ; open   ; 0 in             ; 0 H/in                 ; 0 F/in                 ; short        ; open          ; open            ; open  ; 0 V                 ; -                  ; n/a           ; n/a             ; n/a         ;
; HEX0[3]  ; 3.3-V LVTTL  ; 0 in              ; 0 H/in                  ; 0 F/in                  ; short         ; -                   ; open           ; open             ; open   ; 0 in             ; 0 H/in                 ; 0 F/in                 ; short        ; open          ; open            ; open  ; 0 V                 ; -                  ; n/a           ; n/a             ; n/a         ;
; HEX0[4]  ; 3.3-V LVTTL  ; 0 in              ; 0 H/in                  ; 0 F/in                  ; short         ; -                   ; open           ; open             ; open   ; 0 in             ; 0 H/in                 ; 0 F/in                 ; short        ; open          ; open            ; open  ; 0 V                 ; -                  ; n/a           ; n/a             ; n/a         ;
; HEX0[5]  ; 3.3-V LVTTL  ; 0 in              ; 0 H/in                  ; 0 F/in                  ; short         ; -                   ; open           ; open             ; open   ; 0 in             ; 0 H/in                 ; 0 F/in                 ; short        ; open          ; open            ; open  ; 0 V                 ; -                  ; n/a           ; n/a             ; n/a         ;
; HEX0[6]  ; 3.3-V LVTTL  ; 0 in              ; 0 H/in                  ; 0 F/in                  ; short         ; -                   ; open           ; open             ; open   ; 0 in             ; 0 H/in                 ; 0 F/in                 ; short        ; open          ; open            ; open  ; 0 V                 ; -                  ; n/a           ; n/a             ; n/a         ;
; HEX1[0]  ; 3.3-V LVTTL  ; 0 in              ; 0 H/in                  ; 0 F/in                  ; short         ; -                   ; open           ; open             ; open   ; 0 in             ; 0 H/in                 ; 0 F/in                 ; short        ; open          ; open            ; open  ; 0 V                 ; -                  ; n/a           ; n/a             ; n/a         ;
; HEX1[1]  ; 3.3-V LVTTL  ; 0 in              ; 0 H/in                  ; 0 F/in                  ; short         ; -                   ; open           ; open             ; open   ; 0 in             ; 0 H/in                 ; 0 F/in                 ; short        ; open          ; open            ; open  ; 0 V                 ; -                  ; n/a           ; n/a             ; n/a         ;
; HEX1[2]  ; 3.3-V LVTTL  ; 0 in              ; 0 H/in                  ; 0 F/in                  ; short         ; -                   ; open           ; open             ; open   ; 0 in             ; 0 H/in                 ; 0 F/in                 ; short        ; open          ; open            ; open  ; 0 V                 ; -                  ; n/a           ; n/a             ; n/a         ;
; HEX1[3]  ; 3.3-V LVTTL  ; 0 in              ; 0 H/in                  ; 0 F/in                  ; short         ; -                   ; open           ; open             ; open   ; 0 in             ; 0 H/in                 ; 0 F/in                 ; short        ; open          ; open            ; open  ; 0 V                 ; -                  ; n/a           ; n/a             ; n/a         ;
; HEX1[4]  ; 3.3-V LVTTL  ; 0 in              ; 0 H/in                  ; 0 F/in                  ; short         ; -                   ; open           ; open             ; open   ; 0 in             ; 0 H/in                 ; 0 F/in                 ; short        ; open          ; open            ; open  ; 0 V                 ; -                  ; n/a           ; n/a             ; n/a         ;
; HEX1[5]  ; 3.3-V LVTTL  ; 0 in              ; 0 H/in                  ; 0 F/in                  ; short         ; -                   ; open           ; open             ; open   ; 0 in             ; 0 H/in                 ; 0 F/in                 ; short        ; open          ; open            ; open  ; 0 V                 ; -                  ; n/a           ; n/a             ; n/a         ;
; HEX1[6]  ; 3.3-V LVTTL  ; 0 in              ; 0 H/in                  ; 0 F/in                  ; short         ; -                   ; open           ; open             ; open   ; 0 in             ; 0 H/in                 ; 0 F/in                 ; short        ; open          ; open            ; open  ; 0 V                 ; -                  ; n/a           ; n/a             ; n/a         ;
; HEX2[0]  ; 3.3-V LVTTL  ; 0 in              ; 0 H/in                  ; 0 F/in                  ; short         ; -                   ; open           ; open             ; open   ; 0 in             ; 0 H/in                 ; 0 F/in                 ; short        ; open          ; open            ; open  ; 0 V                 ; -                  ; n/a           ; n/a             ; n/a         ;
; HEX2[1]  ; 3.3-V LVTTL  ; 0 in              ; 0 H/in                  ; 0 F/in                  ; short         ; -                   ; open           ; open             ; open   ; 0 in             ; 0 H/in                 ; 0 F/in                 ; short        ; open          ; open            ; open  ; 0 V                 ; -                  ; n/a           ; n/a             ; n/a         ;
; HEX2[2]  ; 3.3-V LVTTL  ; 0 in              ; 0 H/in                  ; 0 F/in                  ; short         ; -                   ; open           ; open             ; open   ; 0 in             ; 0 H/in                 ; 0 F/in                 ; short        ; open          ; open            ; open  ; 0 V                 ; -                  ; n/a           ; n/a             ; n/a         ;
; HEX2[3]  ; 3.3-V LVTTL  ; 0 in              ; 0 H/in                  ; 0 F/in                  ; short         ; -                   ; open           ; open             ; open   ; 0 in             ; 0 H/in                 ; 0 F/in                 ; short        ; open          ; open            ; open  ; 0 V                 ; -                  ; n/a           ; n/a             ; n/a         ;
; HEX2[4]  ; 3.3-V LVTTL  ; 0 in              ; 0 H/in                  ; 0 F/in                  ; short         ; -                   ; open           ; open             ; open   ; 0 in             ; 0 H/in                 ; 0 F/in                 ; short        ; open          ; open            ; open  ; 0 V                 ; -                  ; n/a           ; n/a             ; n/a         ;
; HEX2[5]  ; 3.3-V LVTTL  ; 0 in              ; 0 H/in                  ; 0 F/in                  ; short         ; -                   ; open           ; open             ; open   ; 0 in             ; 0 H/in                 ; 0 F/in                 ; short        ; open          ; open            ; open  ; 0 V                 ; -                  ; n/a           ; n/a             ; n/a         ;
; HEX2[6]  ; 3.3-V LVTTL  ; 0 in              ; 0 H/in                  ; 0 F/in                  ; short         ; -                   ; open           ; open             ; open   ; 0 in             ; 0 H/in                 ; 0 F/in                 ; short        ; open          ; open            ; open  ; 0 V                 ; -                  ; n/a           ; n/a             ; n/a         ;
; HEX3[0]  ; 3.3-V LVTTL  ; 0 in              ; 0 H/in                  ; 0 F/in                  ; short         ; -                   ; open           ; open             ; open   ; 0 in             ; 0 H/in                 ; 0 F/in                 ; short        ; open          ; open            ; open  ; 0 V                 ; -                  ; n/a           ; n/a             ; n/a         ;
; HEX3[1]  ; 3.3-V LVTTL  ; 0 in              ; 0 H/in                  ; 0 F/in                  ; short         ; -                   ; open           ; open             ; open   ; 0 in             ; 0 H/in                 ; 0 F/in                 ; short        ; open          ; open            ; open  ; 0 V                 ; -                  ; n/a           ; n/a             ; n/a         ;
; HEX3[2]  ; 3.3-V LVTTL  ; 0 in              ; 0 H/in                  ; 0 F/in                  ; short         ; -                   ; open           ; open             ; open   ; 0 in             ; 0 H/in                 ; 0 F/in                 ; short        ; open          ; open            ; open  ; 0 V                 ; -                  ; n/a           ; n/a             ; n/a         ;
; HEX3[3]  ; 3.3-V LVTTL  ; 0 in              ; 0 H/in                  ; 0 F/in                  ; short         ; -                   ; open           ; open             ; open   ; 0 in             ; 0 H/in                 ; 0 F/in                 ; short        ; open          ; open            ; open  ; 0 V                 ; -                  ; n/a           ; n/a             ; n/a         ;
; HEX3[4]  ; 3.3-V LVTTL  ; 0 in              ; 0 H/in                  ; 0 F/in                  ; short         ; -                   ; open           ; open             ; open   ; 0 in             ; 0 H/in                 ; 0 F/in                 ; short        ; open          ; open            ; open  ; 0 V                 ; -                  ; n/a           ; n/a             ; n/a         ;
; HEX3[5]  ; 3.3-V LVTTL  ; 0 in              ; 0 H/in                  ; 0 F/in                  ; short         ; -                   ; open           ; open             ; open   ; 0 in             ; 0 H/in                 ; 0 F/in                 ; short        ; open          ; open            ; open  ; 0 V                 ; -                  ; n/a           ; n/a             ; n/a         ;
; HEX3[6]  ; 3.3-V LVTTL  ; 0 in              ; 0 H/in                  ; 0 F/in                  ; short         ; -                   ; open           ; open             ; open   ; 0 in             ; 0 H/in                 ; 0 F/in                 ; short        ; open          ; open            ; open  ; 0 V                 ; -                  ; n/a           ; n/a             ; n/a         ;
; HEX4[0]  ; 3.3-V LVTTL  ; 0 in              ; 0 H/in                  ; 0 F/in                  ; short         ; -                   ; open           ; open             ; open   ; 0 in             ; 0 H/in                 ; 0 F/in                 ; short        ; open          ; open            ; open  ; 0 V                 ; -                  ; n/a           ; n/a             ; n/a         ;
; HEX4[1]  ; 3.3-V LVTTL  ; 0 in              ; 0 H/in                  ; 0 F/in                  ; short         ; -                   ; open           ; open             ; open   ; 0 in             ; 0 H/in                 ; 0 F/in                 ; short        ; open          ; open            ; open  ; 0 V                 ; -                  ; n/a           ; n/a             ; n/a         ;
; HEX4[2]  ; 3.3-V LVTTL  ; 0 in              ; 0 H/in                  ; 0 F/in                  ; short         ; -                   ; open           ; open             ; open   ; 0 in             ; 0 H/in                 ; 0 F/in                 ; short        ; open          ; open            ; open  ; 0 V                 ; -                  ; n/a           ; n/a             ; n/a         ;
; HEX4[3]  ; 3.3-V LVTTL  ; 0 in              ; 0 H/in                  ; 0 F/in                  ; short         ; -                   ; open           ; open             ; open   ; 0 in             ; 0 H/in                 ; 0 F/in                 ; short        ; open          ; open            ; open  ; 0 V                 ; -                  ; n/a           ; n/a             ; n/a         ;
; HEX4[4]  ; 3.3-V LVTTL  ; 0 in              ; 0 H/in                  ; 0 F/in                  ; short         ; -                   ; open           ; open             ; open   ; 0 in             ; 0 H/in                 ; 0 F/in                 ; short        ; open          ; open            ; open  ; 0 V                 ; -                  ; n/a           ; n/a             ; n/a         ;
; HEX4[5]  ; 3.3-V LVTTL  ; 0 in              ; 0 H/in                  ; 0 F/in                  ; short         ; -                   ; open           ; open             ; open   ; 0 in             ; 0 H/in                 ; 0 F/in                 ; short        ; open          ; open            ; open  ; 0 V                 ; -                  ; n/a           ; n/a             ; n/a         ;
; HEX4[6]  ; 3.3-V LVTTL  ; 0 in              ; 0 H/in                  ; 0 F/in                  ; short         ; -                   ; open           ; open             ; open   ; 0 in             ; 0 H/in                 ; 0 F/in                 ; short        ; open          ; open            ; open  ; 0 V                 ; -                  ; n/a           ; n/a             ; n/a         ;
; HEX5[0]  ; 3.3-V LVTTL  ; 0 in              ; 0 H/in                  ; 0 F/in                  ; short         ; -                   ; open           ; open             ; open   ; 0 in             ; 0 H/in                 ; 0 F/in                 ; short        ; open          ; open            ; open  ; 0 V                 ; -                  ; n/a           ; n/a             ; n/a         ;
; HEX5[1]  ; 3.3-V LVTTL  ; 0 in              ; 0 H/in                  ; 0 F/in                  ; short         ; -                   ; open           ; open             ; open   ; 0 in             ; 0 H/in                 ; 0 F/in                 ; short        ; open          ; open            ; open  ; 0 V                 ; -                  ; n/a           ; n/a             ; n/a         ;
; HEX5[2]  ; 3.3-V LVTTL  ; 0 in              ; 0 H/in                  ; 0 F/in                  ; short         ; -                   ; open           ; open             ; open   ; 0 in             ; 0 H/in                 ; 0 F/in                 ; short        ; open          ; open            ; open  ; 0 V                 ; -                  ; n/a           ; n/a             ; n/a         ;
; HEX5[3]  ; 3.3-V LVTTL  ; 0 in              ; 0 H/in                  ; 0 F/in                  ; short         ; -                   ; open           ; open             ; open   ; 0 in             ; 0 H/in                 ; 0 F/in                 ; short        ; open          ; open            ; open  ; 0 V                 ; -                  ; n/a           ; n/a             ; n/a         ;
; HEX5[4]  ; 3.3-V LVTTL  ; 0 in              ; 0 H/in                  ; 0 F/in                  ; short         ; -                   ; open           ; open             ; open   ; 0 in             ; 0 H/in                 ; 0 F/in                 ; short        ; open          ; open            ; open  ; 0 V                 ; -                  ; n/a           ; n/a             ; n/a         ;
; HEX5[5]  ; 3.3-V LVTTL  ; 0 in              ; 0 H/in                  ; 0 F/in                  ; short         ; -                   ; open           ; open             ; open   ; 0 in             ; 0 H/in                 ; 0 F/in                 ; short        ; open          ; open            ; open  ; 0 V                 ; -                  ; n/a           ; n/a             ; n/a         ;
; HEX5[6]  ; 3.3-V LVTTL  ; 0 in              ; 0 H/in                  ; 0 F/in                  ; short         ; -                   ; open           ; open             ; open   ; 0 in             ; 0 H/in                 ; 0 F/in                 ; short        ; open          ; open            ; open  ; 0 V                 ; -                  ; n/a           ; n/a             ; n/a         ;
; VGA_R[0] ; 3.3-V LVTTL  ; 0 in              ; 0 H/in                  ; 0 F/in                  ; short         ; -                   ; open           ; open             ; open   ; 0 in             ; 0 H/in                 ; 0 F/in                 ; short        ; open          ; open            ; open  ; 0 V                 ; -                  ; n/a           ; n/a             ; n/a         ;
; VGA_R[1] ; 3.3-V LVTTL  ; 0 in              ; 0 H/in                  ; 0 F/in                  ; short         ; -                   ; open           ; open             ; open   ; 0 in             ; 0 H/in                 ; 0 F/in                 ; short        ; open          ; open            ; open  ; 0 V                 ; -                  ; n/a           ; n/a             ; n/a         ;
; VGA_R[2] ; 3.3-V LVTTL  ; 0 in              ; 0 H/in                  ; 0 F/in                  ; short         ; -                   ; open           ; open             ; open   ; 0 in             ; 0 H/in                 ; 0 F/in                 ; short        ; open          ; open            ; open  ; 0 V                 ; -                  ; n/a           ; n/a             ; n/a         ;
; VGA_R[3] ; 3.3-V LVTTL  ; 0 in              ; 0 H/in                  ; 0 F/in                  ; short         ; -                   ; open           ; open             ; open   ; 0 in             ; 0 H/in                 ; 0 F/in                 ; short        ; open          ; open            ; open  ; 0 V                 ; -                  ; n/a           ; n/a             ; n/a         ;
; VGA_G[0] ; 3.3-V LVTTL  ; 0 in              ; 0 H/in                  ; 0 F/in                  ; short         ; -                   ; open           ; open             ; open   ; 0 in             ; 0 H/in                 ; 0 F/in                 ; short        ; open          ; open            ; open  ; 0 V                 ; -                  ; n/a           ; n/a             ; n/a         ;
; VGA_G[1] ; 3.3-V LVTTL  ; 0 in              ; 0 H/in                  ; 0 F/in                  ; short         ; -                   ; open           ; open             ; open   ; 0 in             ; 0 H/in                 ; 0 F/in                 ; short        ; open          ; open            ; open  ; 0 V                 ; -                  ; n/a           ; n/a             ; n/a         ;
; VGA_G[2] ; 3.3-V LVTTL  ; 0 in              ; 0 H/in                  ; 0 F/in                  ; short         ; -                   ; open           ; open             ; open   ; 0 in             ; 0 H/in                 ; 0 F/in                 ; short        ; open          ; open            ; open  ; 0 V                 ; -                  ; n/a           ; n/a             ; n/a         ;
; VGA_G[3] ; 3.3-V LVTTL  ; 0 in              ; 0 H/in                  ; 0 F/in                  ; short         ; -                   ; open           ; open             ; open   ; 0 in             ; 0 H/in                 ; 0 F/in                 ; short        ; open          ; open            ; open  ; 0 V                 ; -                  ; n/a           ; n/a             ; n/a         ;
; VGA_B[0] ; 3.3-V LVTTL  ; 0 in              ; 0 H/in                  ; 0 F/in                  ; short         ; -                   ; open           ; open             ; open   ; 0 in             ; 0 H/in                 ; 0 F/in                 ; short        ; open          ; open            ; open  ; 0 V                 ; -                  ; n/a           ; n/a             ; n/a         ;
; VGA_B[1] ; 3.3-V LVTTL  ; 0 in              ; 0 H/in                  ; 0 F/in                  ; short         ; -                   ; open           ; open             ; open   ; 0 in             ; 0 H/in                 ; 0 F/in                 ; short        ; open          ; open            ; open  ; 0 V                 ; -                  ; n/a           ; n/a             ; n/a         ;
; VGA_B[2] ; 3.3-V LVTTL  ; 0 in              ; 0 H/in                  ; 0 F/in                  ; short         ; -                   ; open           ; open             ; open   ; 0 in             ; 0 H/in                 ; 0 F/in                 ; short        ; open          ; open            ; open  ; 0 V                 ; -                  ; n/a           ; n/a             ; n/a         ;
; VGA_B[3] ; 3.3-V LVTTL  ; 0 in              ; 0 H/in                  ; 0 F/in                  ; short         ; -                   ; open           ; open             ; open   ; 0 in             ; 0 H/in                 ; 0 F/in                 ; short        ; open          ; open            ; open  ; 0 V                 ; -                  ; n/a           ; n/a             ; n/a         ;
; VGA_HS   ; 3.3-V LVTTL  ; 0 in              ; 0 H/in                  ; 0 F/in                  ; short         ; -                   ; open           ; open             ; open   ; 0 in             ; 0 H/in                 ; 0 F/in                 ; short        ; open          ; open            ; open  ; 0 V                 ; -                  ; n/a           ; n/a             ; n/a         ;
; VGA_VS   ; 3.3-V LVTTL  ; 0 in              ; 0 H/in                  ; 0 F/in                  ; short         ; -                   ; open           ; open             ; open   ; 0 in             ; 0 H/in                 ; 0 F/in                 ; short        ; open          ; open            ; open  ; 0 V                 ; -                  ; n/a           ; n/a             ; n/a         ;
; PS2_CLK  ; 3.3-V LVTTL  ; 0 in              ; 0 H/in                  ; 0 F/in                  ; short         ; -                   ; open           ; open             ; open   ; 0 in             ; 0 H/in                 ; 0 F/in                 ; short        ; open          ; open            ; open  ; 0 V                 ; -                  ; n/a           ; n/a             ; n/a         ;
; PS2_DAT  ; 3.3-V LVTTL  ; 0 in              ; 0 H/in                  ; 0 F/in                  ; short         ; -                   ; open           ; open             ; open   ; 0 in             ; 0 H/in                 ; 0 F/in                 ; short        ; open          ; open            ; open  ; 0 V                 ; -                  ; n/a           ; n/a             ; n/a         ;
+----------+--------------+-------------------+-------------------------+-------------------------+---------------+---------------------+----------------+------------------+--------+------------------+------------------------+------------------------+--------------+---------------+-----------------+-------+---------------------+--------------------+---------------+-----------------+-------------+


+-------------------------------------------------------------+
; Input Transition Times                                      ;
+----------+--------------+-----------------+-----------------+
; Pin      ; I/O Standard ; 10-90 Rise Time ; 90-10 Fall Time ;
+----------+--------------+-----------------+-----------------+
; KEY[1]   ; 3.3-V LVTTL  ; 2640 ps         ; 2640 ps         ;
; KEY[2]   ; 3.3-V LVTTL  ; 2640 ps         ; 2640 ps         ;
; KEY[3]   ; 3.3-V LVTTL  ; 2640 ps         ; 2640 ps         ;
; PS2_CLK  ; 3.3-V LVTTL  ; 2640 ps         ; 2640 ps         ;
; PS2_DAT  ; 3.3-V LVTTL  ; 2640 ps         ; 2640 ps         ;
; SW[0]    ; 3.3-V LVTTL  ; 2640 ps         ; 2640 ps         ;
; SW[1]    ; 3.3-V LVTTL  ; 2640 ps         ; 2640 ps         ;
; SW[2]    ; 3.3-V LVTTL  ; 2640 ps         ; 2640 ps         ;
; SW[3]    ; 3.3-V LVTTL  ; 2640 ps         ; 2640 ps         ;
; SW[4]    ; 3.3-V LVTTL  ; 2640 ps         ; 2640 ps         ;
; SW[5]    ; 3.3-V LVTTL  ; 2640 ps         ; 2640 ps         ;
; SW[6]    ; 3.3-V LVTTL  ; 2640 ps         ; 2640 ps         ;
; SW[7]    ; 3.3-V LVTTL  ; 2640 ps         ; 2640 ps         ;
; SW[8]    ; 3.3-V LVTTL  ; 2640 ps         ; 2640 ps         ;
; SW[9]    ; 3.3-V LVTTL  ; 2640 ps         ; 2640 ps         ;
; KEY[0]   ; 3.3-V LVTTL  ; 2640 ps         ; 2640 ps         ;
; CLOCK_50 ; 3.3-V LVTTL  ; 2640 ps         ; 2640 ps         ;
+----------+--------------+-----------------+-----------------+


+---------------------------------------------------------------------------------------------------------------------------------------------------------------------------------------------------------------------------------------------------------------------------------------------------------------------------------------------------------------------------------------------------------------------------------------------------------------------------------------------------------------------------------------------------------------------------------------------------------------------------------------------------------------------------------------+
; Signal Integrity Metrics (Slow 1100mv 0c Model)                                                                                                                                                                                                                                                                                                                                                                                                                                                                                                                                                                                                                                       ;
+----------+--------------+---------------------+---------------------+------------------------------+------------------------------+---------------------+---------------------+--------------------------------------+--------------------------------------+-----------------------------+-----------------------------+----------------------------+----------------------------+-----------------------------+-----------------------------+--------------------+--------------------+-------------------------------------+-------------------------------------+----------------------------+----------------------------+---------------------------+---------------------------+
; Pin      ; I/O Standard ; Board Delay on Rise ; Board Delay on Fall ; Steady State Voh at FPGA Pin ; Steady State Vol at FPGA Pin ; Voh Max at FPGA Pin ; Vol Min at FPGA Pin ; Ringback Voltage on Rise at FPGA Pin ; Ringback Voltage on Fall at FPGA Pin ; 10-90 Rise Time at FPGA Pin ; 90-10 Fall Time at FPGA Pin ; Monotonic Rise at FPGA Pin ; Monotonic Fall at FPGA Pin ; Steady State Voh at Far-end ; Steady State Vol at Far-end ; Voh Max at Far-end ; Vol Min at Far-end ; Ringback Voltage on Rise at Far-end ; Ringback Voltage on Fall at Far-end ; 10-90 Rise Time at Far-end ; 90-10 Fall Time at Far-end ; Monotonic Rise at Far-end ; Monotonic Fall at Far-end ;
+----------+--------------+---------------------+---------------------+------------------------------+------------------------------+---------------------+---------------------+--------------------------------------+--------------------------------------+-----------------------------+-----------------------------+----------------------------+----------------------------+-----------------------------+-----------------------------+--------------------+--------------------+-------------------------------------+-------------------------------------+----------------------------+----------------------------+---------------------------+---------------------------+
; LEDR[0]  ; 3.3-V LVTTL  ; 0 s                 ; 0 s                 ; 3.08 V                       ; 2.01e-07 V                   ; 3.13 V              ; -0.229 V            ; 0.131 V                              ; 0.38 V                               ; 4.37e-10 s                  ; 1.58e-10 s                  ; Yes                        ; No                         ; 3.08 V                      ; 2.01e-07 V                  ; 3.13 V             ; -0.229 V           ; 0.131 V                             ; 0.38 V                              ; 4.37e-10 s                 ; 1.58e-10 s                 ; Yes                       ; No                        ;
; LEDR[1]  ; 3.3-V LVTTL  ; 0 s                 ; 0 s                 ; 3.08 V                       ; 2.01e-07 V                   ; 3.13 V              ; -0.229 V            ; 0.132 V                              ; 0.377 V                              ; 4.37e-10 s                  ; 1.58e-10 s                  ; Yes                        ; No                         ; 3.08 V                      ; 2.01e-07 V                  ; 3.13 V             ; -0.229 V           ; 0.132 V                             ; 0.377 V                             ; 4.37e-10 s                 ; 1.58e-10 s                 ; Yes                       ; No                        ;
; LEDR[2]  ; 3.3-V LVTTL  ; 0 s                 ; 0 s                 ; 3.08 V                       ; 1.58e-07 V                   ; 3.09 V              ; -0.13 V             ; 0.032 V                              ; 0.298 V                              ; 4.39e-10 s                  ; 1.69e-10 s                  ; Yes                        ; Yes                        ; 3.08 V                      ; 1.58e-07 V                  ; 3.09 V             ; -0.13 V            ; 0.032 V                             ; 0.298 V                             ; 4.39e-10 s                 ; 1.69e-10 s                 ; Yes                       ; Yes                       ;
; LEDR[3]  ; 3.3-V LVTTL  ; 0 s                 ; 0 s                 ; 3.08 V                       ; 2.1e-07 V                    ; 3.12 V              ; -0.169 V            ; 0.165 V                              ; 0.384 V                              ; 4.57e-10 s                  ; 1.75e-10 s                  ; Yes                        ; No                         ; 3.08 V                      ; 2.1e-07 V                   ; 3.12 V             ; -0.169 V           ; 0.165 V                             ; 0.384 V                             ; 4.57e-10 s                 ; 1.75e-10 s                 ; Yes                       ; No                        ;
; LEDR[4]  ; 3.3-V LVTTL  ; 0 s                 ; 0 s                 ; 3.08 V                       ; 2.01e-07 V                   ; 3.13 V              ; -0.229 V            ; 0.131 V                              ; 0.38 V                               ; 4.37e-10 s                  ; 1.58e-10 s                  ; Yes                        ; No                         ; 3.08 V                      ; 2.01e-07 V                  ; 3.13 V             ; -0.229 V           ; 0.131 V                             ; 0.38 V                              ; 4.37e-10 s                 ; 1.58e-10 s                 ; Yes                       ; No                        ;
; LEDR[5]  ; 3.3-V LVTTL  ; 0 s                 ; 0 s                 ; 3.08 V                       ; 2.01e-07 V                   ; 3.13 V              ; -0.229 V            ; 0.132 V                              ; 0.377 V                              ; 4.37e-10 s                  ; 1.58e-10 s                  ; Yes                        ; No                         ; 3.08 V                      ; 2.01e-07 V                  ; 3.13 V             ; -0.229 V           ; 0.132 V                             ; 0.377 V                             ; 4.37e-10 s                 ; 1.58e-10 s                 ; Yes                       ; No                        ;
; LEDR[6]  ; 3.3-V LVTTL  ; 0 s                 ; 0 s                 ; 3.08 V                       ; 2.1e-07 V                    ; 3.12 V              ; -0.169 V            ; 0.165 V                              ; 0.384 V                              ; 4.57e-10 s                  ; 1.75e-10 s                  ; Yes                        ; No                         ; 3.08 V                      ; 2.1e-07 V                   ; 3.12 V             ; -0.169 V           ; 0.165 V                             ; 0.384 V                             ; 4.57e-10 s                 ; 1.75e-10 s                 ; Yes                       ; No                        ;
; LEDR[7]  ; 3.3-V LVTTL  ; 0 s                 ; 0 s                 ; 3.08 V                       ; 1.58e-07 V                   ; 3.09 V              ; -0.13 V             ; 0.032 V                              ; 0.298 V                              ; 4.39e-10 s                  ; 1.69e-10 s                  ; Yes                        ; Yes                        ; 3.08 V                      ; 1.58e-07 V                  ; 3.09 V             ; -0.13 V            ; 0.032 V                             ; 0.298 V                             ; 4.39e-10 s                 ; 1.69e-10 s                 ; Yes                       ; Yes                       ;
; LEDR[8]  ; 3.3-V LVTTL  ; 0 s                 ; 0 s                 ; 3.08 V                       ; 2.01e-07 V                   ; 3.13 V              ; -0.229 V            ; 0.131 V                              ; 0.38 V                               ; 4.37e-10 s                  ; 1.58e-10 s                  ; Yes                        ; No                         ; 3.08 V                      ; 2.01e-07 V                  ; 3.13 V             ; -0.229 V           ; 0.131 V                             ; 0.38 V                              ; 4.37e-10 s                 ; 1.58e-10 s                 ; Yes                       ; No                        ;
; LEDR[9]  ; 3.3-V LVTTL  ; 0 s                 ; 0 s                 ; 3.08 V                       ; 2.01e-07 V                   ; 3.13 V              ; -0.229 V            ; 0.132 V                              ; 0.377 V                              ; 4.37e-10 s                  ; 1.58e-10 s                  ; Yes                        ; No                         ; 3.08 V                      ; 2.01e-07 V                  ; 3.13 V             ; -0.229 V           ; 0.132 V                             ; 0.377 V                             ; 4.37e-10 s                 ; 1.58e-10 s                 ; Yes                       ; No                        ;
; HEX0[0]  ; 3.3-V LVTTL  ; 0 s                 ; 0 s                 ; 3.08 V                       ; 2.01e-07 V                   ; 3.13 V              ; -0.229 V            ; 0.132 V                              ; 0.377 V                              ; 4.37e-10 s                  ; 1.58e-10 s                  ; Yes                        ; No                         ; 3.08 V                      ; 2.01e-07 V                  ; 3.13 V             ; -0.229 V           ; 0.132 V                             ; 0.377 V                             ; 4.37e-10 s                 ; 1.58e-10 s                 ; Yes                       ; No                        ;
; HEX0[1]  ; 3.3-V LVTTL  ; 0 s                 ; 0 s                 ; 3.08 V                       ; 2.01e-07 V                   ; 3.13 V              ; -0.229 V            ; 0.131 V                              ; 0.38 V                               ; 4.37e-10 s                  ; 1.58e-10 s                  ; Yes                        ; No                         ; 3.08 V                      ; 2.01e-07 V                  ; 3.13 V             ; -0.229 V           ; 0.131 V                             ; 0.38 V                              ; 4.37e-10 s                 ; 1.58e-10 s                 ; Yes                       ; No                        ;
; HEX0[2]  ; 3.3-V LVTTL  ; 0 s                 ; 0 s                 ; 3.08 V                       ; 2.01e-07 V                   ; 3.13 V              ; -0.229 V            ; 0.131 V                              ; 0.38 V                               ; 4.37e-10 s                  ; 1.58e-10 s                  ; Yes                        ; No                         ; 3.08 V                      ; 2.01e-07 V                  ; 3.13 V             ; -0.229 V           ; 0.131 V                             ; 0.38 V                              ; 4.37e-10 s                 ; 1.58e-10 s                 ; Yes                       ; No                        ;
; HEX0[3]  ; 3.3-V LVTTL  ; 0 s                 ; 0 s                 ; 3.08 V                       ; 2.01e-07 V                   ; 3.13 V              ; -0.229 V            ; 0.131 V                              ; 0.38 V                               ; 4.37e-10 s                  ; 1.58e-10 s                  ; Yes                        ; No                         ; 3.08 V                      ; 2.01e-07 V                  ; 3.13 V             ; -0.229 V           ; 0.131 V                             ; 0.38 V                              ; 4.37e-10 s                 ; 1.58e-10 s                 ; Yes                       ; No                        ;
; HEX0[4]  ; 3.3-V LVTTL  ; 0 s                 ; 0 s                 ; 3.08 V                       ; 2.01e-07 V                   ; 3.13 V              ; -0.229 V            ; 0.132 V                              ; 0.377 V                              ; 4.37e-10 s                  ; 1.58e-10 s                  ; Yes                        ; No                         ; 3.08 V                      ; 2.01e-07 V                  ; 3.13 V             ; -0.229 V           ; 0.132 V                             ; 0.377 V                             ; 4.37e-10 s                 ; 1.58e-10 s                 ; Yes                       ; No                        ;
; HEX0[5]  ; 3.3-V LVTTL  ; 0 s                 ; 0 s                 ; 3.08 V                       ; 2.01e-07 V                   ; 3.13 V              ; -0.229 V            ; 0.132 V                              ; 0.377 V                              ; 4.37e-10 s                  ; 1.58e-10 s                  ; Yes                        ; No                         ; 3.08 V                      ; 2.01e-07 V                  ; 3.13 V             ; -0.229 V           ; 0.132 V                             ; 0.377 V                             ; 4.37e-10 s                 ; 1.58e-10 s                 ; Yes                       ; No                        ;
; HEX0[6]  ; 3.3-V LVTTL  ; 0 s                 ; 0 s                 ; 3.08 V                       ; 2.01e-07 V                   ; 3.13 V              ; -0.229 V            ; 0.131 V                              ; 0.38 V                               ; 4.37e-10 s                  ; 1.58e-10 s                  ; Yes                        ; No                         ; 3.08 V                      ; 2.01e-07 V                  ; 3.13 V             ; -0.229 V           ; 0.131 V                             ; 0.38 V                              ; 4.37e-10 s                 ; 1.58e-10 s                 ; Yes                       ; No                        ;
; HEX1[0]  ; 3.3-V LVTTL  ; 0 s                 ; 0 s                 ; 3.08 V                       ; 2.01e-07 V                   ; 3.13 V              ; -0.229 V            ; 0.131 V                              ; 0.38 V                               ; 4.37e-10 s                  ; 1.58e-10 s                  ; Yes                        ; No                         ; 3.08 V                      ; 2.01e-07 V                  ; 3.13 V             ; -0.229 V           ; 0.131 V                             ; 0.38 V                              ; 4.37e-10 s                 ; 1.58e-10 s                 ; Yes                       ; No                        ;
; HEX1[1]  ; 3.3-V LVTTL  ; 0 s                 ; 0 s                 ; 3.08 V                       ; 2.01e-07 V                   ; 3.13 V              ; -0.229 V            ; 0.132 V                              ; 0.377 V                              ; 4.37e-10 s                  ; 1.58e-10 s                  ; Yes                        ; No                         ; 3.08 V                      ; 2.01e-07 V                  ; 3.13 V             ; -0.229 V           ; 0.132 V                             ; 0.377 V                             ; 4.37e-10 s                 ; 1.58e-10 s                 ; Yes                       ; No                        ;
; HEX1[2]  ; 3.3-V LVTTL  ; 0 s                 ; 0 s                 ; 3.08 V                       ; 2.01e-07 V                   ; 3.13 V              ; -0.229 V            ; 0.132 V                              ; 0.377 V                              ; 4.37e-10 s                  ; 1.58e-10 s                  ; Yes                        ; No                         ; 3.08 V                      ; 2.01e-07 V                  ; 3.13 V             ; -0.229 V           ; 0.132 V                             ; 0.377 V                             ; 4.37e-10 s                 ; 1.58e-10 s                 ; Yes                       ; No                        ;
; HEX1[3]  ; 3.3-V LVTTL  ; 0 s                 ; 0 s                 ; 3.08 V                       ; 2.01e-07 V                   ; 3.13 V              ; -0.229 V            ; 0.131 V                              ; 0.38 V                               ; 4.37e-10 s                  ; 1.58e-10 s                  ; Yes                        ; No                         ; 3.08 V                      ; 2.01e-07 V                  ; 3.13 V             ; -0.229 V           ; 0.131 V                             ; 0.38 V                              ; 4.37e-10 s                 ; 1.58e-10 s                 ; Yes                       ; No                        ;
; HEX1[4]  ; 3.3-V LVTTL  ; 0 s                 ; 0 s                 ; 3.08 V                       ; 2.01e-07 V                   ; 3.13 V              ; -0.229 V            ; 0.131 V                              ; 0.38 V                               ; 4.37e-10 s                  ; 1.58e-10 s                  ; Yes                        ; No                         ; 3.08 V                      ; 2.01e-07 V                  ; 3.13 V             ; -0.229 V           ; 0.131 V                             ; 0.38 V                              ; 4.37e-10 s                 ; 1.58e-10 s                 ; Yes                       ; No                        ;
; HEX1[5]  ; 3.3-V LVTTL  ; 0 s                 ; 0 s                 ; 3.08 V                       ; 2.01e-07 V                   ; 3.13 V              ; -0.229 V            ; 0.132 V                              ; 0.377 V                              ; 4.37e-10 s                  ; 1.58e-10 s                  ; Yes                        ; No                         ; 3.08 V                      ; 2.01e-07 V                  ; 3.13 V             ; -0.229 V           ; 0.132 V                             ; 0.377 V                             ; 4.37e-10 s                 ; 1.58e-10 s                 ; Yes                       ; No                        ;
; HEX1[6]  ; 3.3-V LVTTL  ; 0 s                 ; 0 s                 ; 3.08 V                       ; 2.01e-07 V                   ; 3.13 V              ; -0.229 V            ; 0.132 V                              ; 0.377 V                              ; 4.37e-10 s                  ; 1.58e-10 s                  ; Yes                        ; No                         ; 3.08 V                      ; 2.01e-07 V                  ; 3.13 V             ; -0.229 V           ; 0.132 V                             ; 0.377 V                             ; 4.37e-10 s                 ; 1.58e-10 s                 ; Yes                       ; No                        ;
; HEX2[0]  ; 3.3-V LVTTL  ; 0 s                 ; 0 s                 ; 3.08 V                       ; 2.1e-07 V                    ; 3.12 V              ; -0.169 V            ; 0.165 V                              ; 0.384 V                              ; 4.57e-10 s                  ; 1.75e-10 s                  ; Yes                        ; No                         ; 3.08 V                      ; 2.1e-07 V                   ; 3.12 V             ; -0.169 V           ; 0.165 V                             ; 0.384 V                             ; 4.57e-10 s                 ; 1.75e-10 s                 ; Yes                       ; No                        ;
; HEX2[1]  ; 3.3-V LVTTL  ; 0 s                 ; 0 s                 ; 3.08 V                       ; 2.01e-07 V                   ; 3.13 V              ; -0.229 V            ; 0.132 V                              ; 0.377 V                              ; 4.37e-10 s                  ; 1.58e-10 s                  ; Yes                        ; No                         ; 3.08 V                      ; 2.01e-07 V                  ; 3.13 V             ; -0.229 V           ; 0.132 V                             ; 0.377 V                             ; 4.37e-10 s                 ; 1.58e-10 s                 ; Yes                       ; No                        ;
; HEX2[2]  ; 3.3-V LVTTL  ; 0 s                 ; 0 s                 ; 3.08 V                       ; 2.01e-07 V                   ; 3.13 V              ; -0.229 V            ; 0.132 V                              ; 0.377 V                              ; 4.37e-10 s                  ; 1.58e-10 s                  ; Yes                        ; No                         ; 3.08 V                      ; 2.01e-07 V                  ; 3.13 V             ; -0.229 V           ; 0.132 V                             ; 0.377 V                             ; 4.37e-10 s                 ; 1.58e-10 s                 ; Yes                       ; No                        ;
; HEX2[3]  ; 3.3-V LVTTL  ; 0 s                 ; 0 s                 ; 3.08 V                       ; 1.58e-07 V                   ; 3.09 V              ; -0.13 V             ; 0.032 V                              ; 0.298 V                              ; 4.39e-10 s                  ; 1.69e-10 s                  ; Yes                        ; Yes                        ; 3.08 V                      ; 1.58e-07 V                  ; 3.09 V             ; -0.13 V            ; 0.032 V                             ; 0.298 V                             ; 4.39e-10 s                 ; 1.69e-10 s                 ; Yes                       ; Yes                       ;
; HEX2[4]  ; 3.3-V LVTTL  ; 0 s                 ; 0 s                 ; 3.08 V                       ; 1.58e-07 V                   ; 3.09 V              ; -0.13 V             ; 0.032 V                              ; 0.298 V                              ; 4.39e-10 s                  ; 1.69e-10 s                  ; Yes                        ; Yes                        ; 3.08 V                      ; 1.58e-07 V                  ; 3.09 V             ; -0.13 V            ; 0.032 V                             ; 0.298 V                             ; 4.39e-10 s                 ; 1.69e-10 s                 ; Yes                       ; Yes                       ;
; HEX2[5]  ; 3.3-V LVTTL  ; 0 s                 ; 0 s                 ; 3.08 V                       ; 2.01e-07 V                   ; 3.13 V              ; -0.229 V            ; 0.132 V                              ; 0.377 V                              ; 4.37e-10 s                  ; 1.58e-10 s                  ; Yes                        ; No                         ; 3.08 V                      ; 2.01e-07 V                  ; 3.13 V             ; -0.229 V           ; 0.132 V                             ; 0.377 V                             ; 4.37e-10 s                 ; 1.58e-10 s                 ; Yes                       ; No                        ;
; HEX2[6]  ; 3.3-V LVTTL  ; 0 s                 ; 0 s                 ; 3.08 V                       ; 2.01e-07 V                   ; 3.13 V              ; -0.229 V            ; 0.131 V                              ; 0.38 V                               ; 4.37e-10 s                  ; 1.58e-10 s                  ; Yes                        ; No                         ; 3.08 V                      ; 2.01e-07 V                  ; 3.13 V             ; -0.229 V           ; 0.131 V                             ; 0.38 V                              ; 4.37e-10 s                 ; 1.58e-10 s                 ; Yes                       ; No                        ;
; HEX3[0]  ; 3.3-V LVTTL  ; 0 s                 ; 0 s                 ; 3.08 V                       ; 1.58e-07 V                   ; 3.09 V              ; -0.13 V             ; 0.032 V                              ; 0.298 V                              ; 4.39e-10 s                  ; 1.69e-10 s                  ; Yes                        ; Yes                        ; 3.08 V                      ; 1.58e-07 V                  ; 3.09 V             ; -0.13 V            ; 0.032 V                             ; 0.298 V                             ; 4.39e-10 s                 ; 1.69e-10 s                 ; Yes                       ; Yes                       ;
; HEX3[1]  ; 3.3-V LVTTL  ; 0 s                 ; 0 s                 ; 3.08 V                       ; 2.1e-07 V                    ; 3.12 V              ; -0.169 V            ; 0.165 V                              ; 0.384 V                              ; 4.57e-10 s                  ; 1.75e-10 s                  ; Yes                        ; No                         ; 3.08 V                      ; 2.1e-07 V                   ; 3.12 V             ; -0.169 V           ; 0.165 V                             ; 0.384 V                             ; 4.57e-10 s                 ; 1.75e-10 s                 ; Yes                       ; No                        ;
; HEX3[2]  ; 3.3-V LVTTL  ; 0 s                 ; 0 s                 ; 3.08 V                       ; 2.1e-07 V                    ; 3.12 V              ; -0.169 V            ; 0.165 V                              ; 0.384 V                              ; 4.57e-10 s                  ; 1.75e-10 s                  ; Yes                        ; No                         ; 3.08 V                      ; 2.1e-07 V                   ; 3.12 V             ; -0.169 V           ; 0.165 V                             ; 0.384 V                             ; 4.57e-10 s                 ; 1.75e-10 s                 ; Yes                       ; No                        ;
; HEX3[3]  ; 3.3-V LVTTL  ; 0 s                 ; 0 s                 ; 3.08 V                       ; 1.58e-07 V                   ; 3.09 V              ; -0.13 V             ; 0.032 V                              ; 0.298 V                              ; 4.39e-10 s                  ; 1.69e-10 s                  ; Yes                        ; Yes                        ; 3.08 V                      ; 1.58e-07 V                  ; 3.09 V             ; -0.13 V            ; 0.032 V                             ; 0.298 V                             ; 4.39e-10 s                 ; 1.69e-10 s                 ; Yes                       ; Yes                       ;
; HEX3[4]  ; 3.3-V LVTTL  ; 0 s                 ; 0 s                 ; 3.08 V                       ; 2.1e-07 V                    ; 3.12 V              ; -0.169 V            ; 0.165 V                              ; 0.384 V                              ; 4.57e-10 s                  ; 1.75e-10 s                  ; Yes                        ; No                         ; 3.08 V                      ; 2.1e-07 V                   ; 3.12 V             ; -0.169 V           ; 0.165 V                             ; 0.384 V                             ; 4.57e-10 s                 ; 1.75e-10 s                 ; Yes                       ; No                        ;
; HEX3[5]  ; 3.3-V LVTTL  ; 0 s                 ; 0 s                 ; 3.08 V                       ; 2.1e-07 V                    ; 3.12 V              ; -0.169 V            ; 0.165 V                              ; 0.384 V                              ; 4.57e-10 s                  ; 1.75e-10 s                  ; Yes                        ; No                         ; 3.08 V                      ; 2.1e-07 V                   ; 3.12 V             ; -0.169 V           ; 0.165 V                             ; 0.384 V                             ; 4.57e-10 s                 ; 1.75e-10 s                 ; Yes                       ; No                        ;
; HEX3[6]  ; 3.3-V LVTTL  ; 0 s                 ; 0 s                 ; 3.08 V                       ; 1.58e-07 V                   ; 3.09 V              ; -0.13 V             ; 0.032 V                              ; 0.298 V                              ; 4.39e-10 s                  ; 1.69e-10 s                  ; Yes                        ; Yes                        ; 3.08 V                      ; 1.58e-07 V                  ; 3.09 V             ; -0.13 V            ; 0.032 V                             ; 0.298 V                             ; 4.39e-10 s                 ; 1.69e-10 s                 ; Yes                       ; Yes                       ;
; HEX4[0]  ; 3.3-V LVTTL  ; 0 s                 ; 0 s                 ; 3.08 V                       ; 2.01e-07 V                   ; 3.13 V              ; -0.229 V            ; 0.131 V                              ; 0.38 V                               ; 4.37e-10 s                  ; 1.58e-10 s                  ; Yes                        ; No                         ; 3.08 V                      ; 2.01e-07 V                  ; 3.13 V             ; -0.229 V           ; 0.131 V                             ; 0.38 V                              ; 4.37e-10 s                 ; 1.58e-10 s                 ; Yes                       ; No                        ;
; HEX4[1]  ; 3.3-V LVTTL  ; 0 s                 ; 0 s                 ; 3.08 V                       ; 1.58e-07 V                   ; 3.09 V              ; -0.13 V             ; 0.032 V                              ; 0.298 V                              ; 4.39e-10 s                  ; 1.69e-10 s                  ; Yes                        ; Yes                        ; 3.08 V                      ; 1.58e-07 V                  ; 3.09 V             ; -0.13 V            ; 0.032 V                             ; 0.298 V                             ; 4.39e-10 s                 ; 1.69e-10 s                 ; Yes                       ; Yes                       ;
; HEX4[2]  ; 3.3-V LVTTL  ; 0 s                 ; 0 s                 ; 3.08 V                       ; 1.58e-07 V                   ; 3.09 V              ; -0.13 V             ; 0.032 V                              ; 0.298 V                              ; 4.39e-10 s                  ; 1.69e-10 s                  ; Yes                        ; Yes                        ; 3.08 V                      ; 1.58e-07 V                  ; 3.09 V             ; -0.13 V            ; 0.032 V                             ; 0.298 V                             ; 4.39e-10 s                 ; 1.69e-10 s                 ; Yes                       ; Yes                       ;
; HEX4[3]  ; 3.3-V LVTTL  ; 0 s                 ; 0 s                 ; 3.08 V                       ; 1.58e-07 V                   ; 3.09 V              ; -0.13 V             ; 0.032 V                              ; 0.298 V                              ; 4.39e-10 s                  ; 1.69e-10 s                  ; Yes                        ; Yes                        ; 3.08 V                      ; 1.58e-07 V                  ; 3.09 V             ; -0.13 V            ; 0.032 V                             ; 0.298 V                             ; 4.39e-10 s                 ; 1.69e-10 s                 ; Yes                       ; Yes                       ;
; HEX4[4]  ; 3.3-V LVTTL  ; 0 s                 ; 0 s                 ; 3.08 V                       ; 2.1e-07 V                    ; 3.12 V              ; -0.169 V            ; 0.165 V                              ; 0.384 V                              ; 4.57e-10 s                  ; 1.75e-10 s                  ; Yes                        ; No                         ; 3.08 V                      ; 2.1e-07 V                   ; 3.12 V             ; -0.169 V           ; 0.165 V                             ; 0.384 V                             ; 4.57e-10 s                 ; 1.75e-10 s                 ; Yes                       ; No                        ;
; HEX4[5]  ; 3.3-V LVTTL  ; 0 s                 ; 0 s                 ; 3.08 V                       ; 2.1e-07 V                    ; 3.12 V              ; -0.169 V            ; 0.165 V                              ; 0.384 V                              ; 4.57e-10 s                  ; 1.75e-10 s                  ; Yes                        ; No                         ; 3.08 V                      ; 2.1e-07 V                   ; 3.12 V             ; -0.169 V           ; 0.165 V                             ; 0.384 V                             ; 4.57e-10 s                 ; 1.75e-10 s                 ; Yes                       ; No                        ;
; HEX4[6]  ; 3.3-V LVTTL  ; 0 s                 ; 0 s                 ; 3.08 V                       ; 1.58e-07 V                   ; 3.09 V              ; -0.13 V             ; 0.032 V                              ; 0.298 V                              ; 4.39e-10 s                  ; 1.69e-10 s                  ; Yes                        ; Yes                        ; 3.08 V                      ; 1.58e-07 V                  ; 3.09 V             ; -0.13 V            ; 0.032 V                             ; 0.298 V                             ; 4.39e-10 s                 ; 1.69e-10 s                 ; Yes                       ; Yes                       ;
; HEX5[0]  ; 3.3-V LVTTL  ; 0 s                 ; 0 s                 ; 3.08 V                       ; 2.1e-07 V                    ; 3.12 V              ; -0.169 V            ; 0.165 V                              ; 0.384 V                              ; 4.57e-10 s                  ; 1.75e-10 s                  ; Yes                        ; No                         ; 3.08 V                      ; 2.1e-07 V                   ; 3.12 V             ; -0.169 V           ; 0.165 V                             ; 0.384 V                             ; 4.57e-10 s                 ; 1.75e-10 s                 ; Yes                       ; No                        ;
; HEX5[1]  ; 3.3-V LVTTL  ; 0 s                 ; 0 s                 ; 3.08 V                       ; 1.58e-07 V                   ; 3.09 V              ; -0.13 V             ; 0.032 V                              ; 0.298 V                              ; 4.39e-10 s                  ; 1.69e-10 s                  ; Yes                        ; Yes                        ; 3.08 V                      ; 1.58e-07 V                  ; 3.09 V             ; -0.13 V            ; 0.032 V                             ; 0.298 V                             ; 4.39e-10 s                 ; 1.69e-10 s                 ; Yes                       ; Yes                       ;
; HEX5[2]  ; 3.3-V LVTTL  ; 0 s                 ; 0 s                 ; 3.08 V                       ; 1.58e-07 V                   ; 3.09 V              ; -0.13 V             ; 0.032 V                              ; 0.298 V                              ; 4.39e-10 s                  ; 1.69e-10 s                  ; Yes                        ; Yes                        ; 3.08 V                      ; 1.58e-07 V                  ; 3.09 V             ; -0.13 V            ; 0.032 V                             ; 0.298 V                             ; 4.39e-10 s                 ; 1.69e-10 s                 ; Yes                       ; Yes                       ;
; HEX5[3]  ; 3.3-V LVTTL  ; 0 s                 ; 0 s                 ; 3.08 V                       ; 1.58e-07 V                   ; 3.09 V              ; -0.13 V             ; 0.032 V                              ; 0.298 V                              ; 4.39e-10 s                  ; 1.69e-10 s                  ; Yes                        ; Yes                        ; 3.08 V                      ; 1.58e-07 V                  ; 3.09 V             ; -0.13 V            ; 0.032 V                             ; 0.298 V                             ; 4.39e-10 s                 ; 1.69e-10 s                 ; Yes                       ; Yes                       ;
; HEX5[4]  ; 3.3-V LVTTL  ; 0 s                 ; 0 s                 ; 3.08 V                       ; 2.01e-07 V                   ; 3.13 V              ; -0.229 V            ; 0.132 V                              ; 0.377 V                              ; 4.37e-10 s                  ; 1.58e-10 s                  ; Yes                        ; No                         ; 3.08 V                      ; 2.01e-07 V                  ; 3.13 V             ; -0.229 V           ; 0.132 V                             ; 0.377 V                             ; 4.37e-10 s                 ; 1.58e-10 s                 ; Yes                       ; No                        ;
; HEX5[5]  ; 3.3-V LVTTL  ; 0 s                 ; 0 s                 ; 3.08 V                       ; 2.01e-07 V                   ; 3.13 V              ; -0.229 V            ; 0.131 V                              ; 0.38 V                               ; 4.37e-10 s                  ; 1.58e-10 s                  ; Yes                        ; No                         ; 3.08 V                      ; 2.01e-07 V                  ; 3.13 V             ; -0.229 V           ; 0.131 V                             ; 0.38 V                              ; 4.37e-10 s                 ; 1.58e-10 s                 ; Yes                       ; No                        ;
; HEX5[6]  ; 3.3-V LVTTL  ; 0 s                 ; 0 s                 ; 3.08 V                       ; 2.1e-07 V                    ; 3.12 V              ; -0.169 V            ; 0.165 V                              ; 0.384 V                              ; 4.57e-10 s                  ; 1.75e-10 s                  ; Yes                        ; No                         ; 3.08 V                      ; 2.1e-07 V                   ; 3.12 V             ; -0.169 V           ; 0.165 V                             ; 0.384 V                             ; 4.57e-10 s                 ; 1.75e-10 s                 ; Yes                       ; No                        ;
; VGA_R[0] ; 3.3-V LVTTL  ; 0 s                 ; 0 s                 ; 3.08 V                       ; 2.01e-07 V                   ; 3.13 V              ; -0.229 V            ; 0.132 V                              ; 0.377 V                              ; 4.37e-10 s                  ; 1.58e-10 s                  ; Yes                        ; No                         ; 3.08 V                      ; 2.01e-07 V                  ; 3.13 V             ; -0.229 V           ; 0.132 V                             ; 0.377 V                             ; 4.37e-10 s                 ; 1.58e-10 s                 ; Yes                       ; No                        ;
; VGA_R[1] ; 3.3-V LVTTL  ; 0 s                 ; 0 s                 ; 3.08 V                       ; 2.1e-07 V                    ; 3.12 V              ; -0.169 V            ; 0.165 V                              ; 0.384 V                              ; 4.57e-10 s                  ; 1.75e-10 s                  ; Yes                        ; No                         ; 3.08 V                      ; 2.1e-07 V                   ; 3.12 V             ; -0.169 V           ; 0.165 V                             ; 0.384 V                             ; 4.57e-10 s                 ; 1.75e-10 s                 ; Yes                       ; No                        ;
; VGA_R[2] ; 3.3-V LVTTL  ; 0 s                 ; 0 s                 ; 3.08 V                       ; 1.58e-07 V                   ; 3.09 V              ; -0.13 V             ; 0.032 V                              ; 0.298 V                              ; 4.39e-10 s                  ; 1.69e-10 s                  ; Yes                        ; Yes                        ; 3.08 V                      ; 1.58e-07 V                  ; 3.09 V             ; -0.13 V            ; 0.032 V                             ; 0.298 V                             ; 4.39e-10 s                 ; 1.69e-10 s                 ; Yes                       ; Yes                       ;
; VGA_R[3] ; 3.3-V LVTTL  ; 0 s                 ; 0 s                 ; 3.08 V                       ; 2.01e-07 V                   ; 3.13 V              ; -0.229 V            ; 0.131 V                              ; 0.38 V                               ; 4.37e-10 s                  ; 1.58e-10 s                  ; Yes                        ; No                         ; 3.08 V                      ; 2.01e-07 V                  ; 3.13 V             ; -0.229 V           ; 0.131 V                             ; 0.38 V                              ; 4.37e-10 s                 ; 1.58e-10 s                 ; Yes                       ; No                        ;
; VGA_G[0] ; 3.3-V LVTTL  ; 0 s                 ; 0 s                 ; 3.08 V                       ; 2.01e-07 V                   ; 3.13 V              ; -0.229 V            ; 0.131 V                              ; 0.38 V                               ; 4.37e-10 s                  ; 1.58e-10 s                  ; Yes                        ; No                         ; 3.08 V                      ; 2.01e-07 V                  ; 3.13 V             ; -0.229 V           ; 0.131 V                             ; 0.38 V                              ; 4.37e-10 s                 ; 1.58e-10 s                 ; Yes                       ; No                        ;
; VGA_G[1] ; 3.3-V LVTTL  ; 0 s                 ; 0 s                 ; 3.08 V                       ; 2.01e-07 V                   ; 3.13 V              ; -0.229 V            ; 0.132 V                              ; 0.377 V                              ; 4.37e-10 s                  ; 1.58e-10 s                  ; Yes                        ; No                         ; 3.08 V                      ; 2.01e-07 V                  ; 3.13 V             ; -0.229 V           ; 0.132 V                             ; 0.377 V                             ; 4.37e-10 s                 ; 1.58e-10 s                 ; Yes                       ; No                        ;
; VGA_G[2] ; 3.3-V LVTTL  ; 0 s                 ; 0 s                 ; 3.08 V                       ; 2.1e-07 V                    ; 3.12 V              ; -0.169 V            ; 0.165 V                              ; 0.384 V                              ; 4.57e-10 s                  ; 1.75e-10 s                  ; Yes                        ; No                         ; 3.08 V                      ; 2.1e-07 V                   ; 3.12 V             ; -0.169 V           ; 0.165 V                             ; 0.384 V                             ; 4.57e-10 s                 ; 1.75e-10 s                 ; Yes                       ; No                        ;
; VGA_G[3] ; 3.3-V LVTTL  ; 0 s                 ; 0 s                 ; 3.08 V                       ; 1.58e-07 V                   ; 3.09 V              ; -0.13 V             ; 0.032 V                              ; 0.298 V                              ; 4.39e-10 s                  ; 1.69e-10 s                  ; Yes                        ; Yes                        ; 3.08 V                      ; 1.58e-07 V                  ; 3.09 V             ; -0.13 V            ; 0.032 V                             ; 0.298 V                             ; 4.39e-10 s                 ; 1.69e-10 s                 ; Yes                       ; Yes                       ;
; VGA_B[0] ; 3.3-V LVTTL  ; 0 s                 ; 0 s                 ; 3.08 V                       ; 2.01e-07 V                   ; 3.13 V              ; -0.229 V            ; 0.131 V                              ; 0.38 V                               ; 4.37e-10 s                  ; 1.58e-10 s                  ; Yes                        ; No                         ; 3.08 V                      ; 2.01e-07 V                  ; 3.13 V             ; -0.229 V           ; 0.131 V                             ; 0.38 V                              ; 4.37e-10 s                 ; 1.58e-10 s                 ; Yes                       ; No                        ;
; VGA_B[1] ; 3.3-V LVTTL  ; 0 s                 ; 0 s                 ; 3.08 V                       ; 2.01e-07 V                   ; 3.13 V              ; -0.229 V            ; 0.132 V                              ; 0.377 V                              ; 4.37e-10 s                  ; 1.58e-10 s                  ; Yes                        ; No                         ; 3.08 V                      ; 2.01e-07 V                  ; 3.13 V             ; -0.229 V           ; 0.132 V                             ; 0.377 V                             ; 4.37e-10 s                 ; 1.58e-10 s                 ; Yes                       ; No                        ;
; VGA_B[2] ; 3.3-V LVTTL  ; 0 s                 ; 0 s                 ; 3.08 V                       ; 2.1e-07 V                    ; 3.12 V              ; -0.169 V            ; 0.165 V                              ; 0.384 V                              ; 4.57e-10 s                  ; 1.75e-10 s                  ; Yes                        ; No                         ; 3.08 V                      ; 2.1e-07 V                   ; 3.12 V             ; -0.169 V           ; 0.165 V                             ; 0.384 V                             ; 4.57e-10 s                 ; 1.75e-10 s                 ; Yes                       ; No                        ;
; VGA_B[3] ; 3.3-V LVTTL  ; 0 s                 ; 0 s                 ; 3.08 V                       ; 1.58e-07 V                   ; 3.09 V              ; -0.13 V             ; 0.032 V                              ; 0.298 V                              ; 4.39e-10 s                  ; 1.69e-10 s                  ; Yes                        ; Yes                        ; 3.08 V                      ; 1.58e-07 V                  ; 3.09 V             ; -0.13 V            ; 0.032 V                             ; 0.298 V                             ; 4.39e-10 s                 ; 1.69e-10 s                 ; Yes                       ; Yes                       ;
; VGA_HS   ; 3.3-V LVTTL  ; 0 s                 ; 0 s                 ; 3.08 V                       ; 2.01e-07 V                   ; 3.13 V              ; -0.229 V            ; 0.131 V                              ; 0.38 V                               ; 4.37e-10 s                  ; 1.58e-10 s                  ; Yes                        ; No                         ; 3.08 V                      ; 2.01e-07 V                  ; 3.13 V             ; -0.229 V           ; 0.131 V                             ; 0.38 V                              ; 4.37e-10 s                 ; 1.58e-10 s                 ; Yes                       ; No                        ;
; VGA_VS   ; 3.3-V LVTTL  ; 0 s                 ; 0 s                 ; 3.08 V                       ; 2.01e-07 V                   ; 3.13 V              ; -0.229 V            ; 0.132 V                              ; 0.377 V                              ; 4.37e-10 s                  ; 1.58e-10 s                  ; Yes                        ; No                         ; 3.08 V                      ; 2.01e-07 V                  ; 3.13 V             ; -0.229 V           ; 0.132 V                             ; 0.377 V                             ; 4.37e-10 s                 ; 1.58e-10 s                 ; Yes                       ; No                        ;
; PS2_CLK  ; 3.3-V LVTTL  ; 0 s                 ; 0 s                 ; 3.08 V                       ; 2.1e-07 V                    ; 3.12 V              ; -0.169 V            ; 0.165 V                              ; 0.384 V                              ; 4.57e-10 s                  ; 1.75e-10 s                  ; Yes                        ; No                         ; 3.08 V                      ; 2.1e-07 V                   ; 3.12 V             ; -0.169 V           ; 0.165 V                             ; 0.384 V                             ; 4.57e-10 s                 ; 1.75e-10 s                 ; Yes                       ; No                        ;
; PS2_DAT  ; 3.3-V LVTTL  ; 0 s                 ; 0 s                 ; 3.08 V                       ; 2.1e-07 V                    ; 3.12 V              ; -0.169 V            ; 0.165 V                              ; 0.384 V                              ; 4.57e-10 s                  ; 1.75e-10 s                  ; Yes                        ; No                         ; 3.08 V                      ; 2.1e-07 V                   ; 3.12 V             ; -0.169 V           ; 0.165 V                             ; 0.384 V                             ; 4.57e-10 s                 ; 1.75e-10 s                 ; Yes                       ; No                        ;
+----------+--------------+---------------------+---------------------+------------------------------+------------------------------+---------------------+---------------------+--------------------------------------+--------------------------------------+-----------------------------+-----------------------------+----------------------------+----------------------------+-----------------------------+-----------------------------+--------------------+--------------------+-------------------------------------+-------------------------------------+----------------------------+----------------------------+---------------------------+---------------------------+


+---------------------------------------------------------------------------------------------------------------------------------------------------------------------------------------------------------------------------------------------------------------------------------------------------------------------------------------------------------------------------------------------------------------------------------------------------------------------------------------------------------------------------------------------------------------------------------------------------------------------------------------------------------------------------------------+
; Signal Integrity Metrics (Slow 1100mv 85c Model)                                                                                                                                                                                                                                                                                                                                                                                                                                                                                                                                                                                                                                      ;
+----------+--------------+---------------------+---------------------+------------------------------+------------------------------+---------------------+---------------------+--------------------------------------+--------------------------------------+-----------------------------+-----------------------------+----------------------------+----------------------------+-----------------------------+-----------------------------+--------------------+--------------------+-------------------------------------+-------------------------------------+----------------------------+----------------------------+---------------------------+---------------------------+
; Pin      ; I/O Standard ; Board Delay on Rise ; Board Delay on Fall ; Steady State Voh at FPGA Pin ; Steady State Vol at FPGA Pin ; Voh Max at FPGA Pin ; Vol Min at FPGA Pin ; Ringback Voltage on Rise at FPGA Pin ; Ringback Voltage on Fall at FPGA Pin ; 10-90 Rise Time at FPGA Pin ; 90-10 Fall Time at FPGA Pin ; Monotonic Rise at FPGA Pin ; Monotonic Fall at FPGA Pin ; Steady State Voh at Far-end ; Steady State Vol at Far-end ; Voh Max at Far-end ; Vol Min at Far-end ; Ringback Voltage on Rise at Far-end ; Ringback Voltage on Fall at Far-end ; 10-90 Rise Time at Far-end ; 90-10 Fall Time at Far-end ; Monotonic Rise at Far-end ; Monotonic Fall at Far-end ;
+----------+--------------+---------------------+---------------------+------------------------------+------------------------------+---------------------+---------------------+--------------------------------------+--------------------------------------+-----------------------------+-----------------------------+----------------------------+----------------------------+-----------------------------+-----------------------------+--------------------+--------------------+-------------------------------------+-------------------------------------+----------------------------+----------------------------+---------------------------+---------------------------+
; LEDR[0]  ; 3.3-V LVTTL  ; 0 s                 ; 0 s                 ; 3.08 V                       ; 2.02e-05 V                   ; 3.11 V              ; -0.117 V            ; 0.087 V                              ; 0.147 V                              ; 5.3e-10 s                   ; 3.14e-10 s                  ; Yes                        ; No                         ; 3.08 V                      ; 2.02e-05 V                  ; 3.11 V             ; -0.117 V           ; 0.087 V                             ; 0.147 V                             ; 5.3e-10 s                  ; 3.14e-10 s                 ; Yes                       ; No                        ;
; LEDR[1]  ; 3.3-V LVTTL  ; 0 s                 ; 0 s                 ; 3.08 V                       ; 2.02e-05 V                   ; 3.11 V              ; -0.117 V            ; 0.087 V                              ; 0.148 V                              ; 5.31e-10 s                  ; 3.14e-10 s                  ; Yes                        ; No                         ; 3.08 V                      ; 2.02e-05 V                  ; 3.11 V             ; -0.117 V           ; 0.087 V                             ; 0.148 V                             ; 5.31e-10 s                 ; 3.14e-10 s                 ; Yes                       ; No                        ;
; LEDR[2]  ; 3.3-V LVTTL  ; 0 s                 ; 0 s                 ; 3.08 V                       ; 1.66e-05 V                   ; 3.09 V              ; -0.0542 V           ; 0.04 V                               ; 0.089 V                              ; 5.35e-10 s                  ; 3.01e-10 s                  ; Yes                        ; Yes                        ; 3.08 V                      ; 1.66e-05 V                  ; 3.09 V             ; -0.0542 V          ; 0.04 V                              ; 0.089 V                             ; 5.35e-10 s                 ; 3.01e-10 s                 ; Yes                       ; Yes                       ;
; LEDR[3]  ; 3.3-V LVTTL  ; 0 s                 ; 0 s                 ; 3.08 V                       ; 2.1e-05 V                    ; 3.11 V              ; -0.0931 V           ; 0.115 V                              ; 0.142 V                              ; 5.74e-10 s                  ; 3.17e-10 s                  ; Yes                        ; Yes                        ; 3.08 V                      ; 2.1e-05 V                   ; 3.11 V             ; -0.0931 V          ; 0.115 V                             ; 0.142 V                             ; 5.74e-10 s                 ; 3.17e-10 s                 ; Yes                       ; Yes                       ;
; LEDR[4]  ; 3.3-V LVTTL  ; 0 s                 ; 0 s                 ; 3.08 V                       ; 2.02e-05 V                   ; 3.11 V              ; -0.117 V            ; 0.087 V                              ; 0.147 V                              ; 5.3e-10 s                   ; 3.14e-10 s                  ; Yes                        ; No                         ; 3.08 V                      ; 2.02e-05 V                  ; 3.11 V             ; -0.117 V           ; 0.087 V                             ; 0.147 V                             ; 5.3e-10 s                  ; 3.14e-10 s                 ; Yes                       ; No                        ;
; LEDR[5]  ; 3.3-V LVTTL  ; 0 s                 ; 0 s                 ; 3.08 V                       ; 2.02e-05 V                   ; 3.11 V              ; -0.117 V            ; 0.087 V                              ; 0.148 V                              ; 5.31e-10 s                  ; 3.14e-10 s                  ; Yes                        ; No                         ; 3.08 V                      ; 2.02e-05 V                  ; 3.11 V             ; -0.117 V           ; 0.087 V                             ; 0.148 V                             ; 5.31e-10 s                 ; 3.14e-10 s                 ; Yes                       ; No                        ;
; LEDR[6]  ; 3.3-V LVTTL  ; 0 s                 ; 0 s                 ; 3.08 V                       ; 2.1e-05 V                    ; 3.11 V              ; -0.0931 V           ; 0.115 V                              ; 0.142 V                              ; 5.74e-10 s                  ; 3.17e-10 s                  ; Yes                        ; Yes                        ; 3.08 V                      ; 2.1e-05 V                   ; 3.11 V             ; -0.0931 V          ; 0.115 V                             ; 0.142 V                             ; 5.74e-10 s                 ; 3.17e-10 s                 ; Yes                       ; Yes                       ;
; LEDR[7]  ; 3.3-V LVTTL  ; 0 s                 ; 0 s                 ; 3.08 V                       ; 1.66e-05 V                   ; 3.09 V              ; -0.0542 V           ; 0.04 V                               ; 0.089 V                              ; 5.35e-10 s                  ; 3.01e-10 s                  ; Yes                        ; Yes                        ; 3.08 V                      ; 1.66e-05 V                  ; 3.09 V             ; -0.0542 V          ; 0.04 V                              ; 0.089 V                             ; 5.35e-10 s                 ; 3.01e-10 s                 ; Yes                       ; Yes                       ;
; LEDR[8]  ; 3.3-V LVTTL  ; 0 s                 ; 0 s                 ; 3.08 V                       ; 2.02e-05 V                   ; 3.11 V              ; -0.117 V            ; 0.087 V                              ; 0.147 V                              ; 5.3e-10 s                   ; 3.14e-10 s                  ; Yes                        ; No                         ; 3.08 V                      ; 2.02e-05 V                  ; 3.11 V             ; -0.117 V           ; 0.087 V                             ; 0.147 V                             ; 5.3e-10 s                  ; 3.14e-10 s                 ; Yes                       ; No                        ;
; LEDR[9]  ; 3.3-V LVTTL  ; 0 s                 ; 0 s                 ; 3.08 V                       ; 2.02e-05 V                   ; 3.11 V              ; -0.117 V            ; 0.087 V                              ; 0.148 V                              ; 5.31e-10 s                  ; 3.14e-10 s                  ; Yes                        ; No                         ; 3.08 V                      ; 2.02e-05 V                  ; 3.11 V             ; -0.117 V           ; 0.087 V                             ; 0.148 V                             ; 5.31e-10 s                 ; 3.14e-10 s                 ; Yes                       ; No                        ;
; HEX0[0]  ; 3.3-V LVTTL  ; 0 s                 ; 0 s                 ; 3.08 V                       ; 2.02e-05 V                   ; 3.11 V              ; -0.117 V            ; 0.087 V                              ; 0.148 V                              ; 5.31e-10 s                  ; 3.14e-10 s                  ; Yes                        ; No                         ; 3.08 V                      ; 2.02e-05 V                  ; 3.11 V             ; -0.117 V           ; 0.087 V                             ; 0.148 V                             ; 5.31e-10 s                 ; 3.14e-10 s                 ; Yes                       ; No                        ;
; HEX0[1]  ; 3.3-V LVTTL  ; 0 s                 ; 0 s                 ; 3.08 V                       ; 2.02e-05 V                   ; 3.11 V              ; -0.117 V            ; 0.087 V                              ; 0.147 V                              ; 5.3e-10 s                   ; 3.14e-10 s                  ; Yes                        ; No                         ; 3.08 V                      ; 2.02e-05 V                  ; 3.11 V             ; -0.117 V           ; 0.087 V                             ; 0.147 V                             ; 5.3e-10 s                  ; 3.14e-10 s                 ; Yes                       ; No                        ;
; HEX0[2]  ; 3.3-V LVTTL  ; 0 s                 ; 0 s                 ; 3.08 V                       ; 2.02e-05 V                   ; 3.11 V              ; -0.117 V            ; 0.087 V                              ; 0.147 V                              ; 5.3e-10 s                   ; 3.14e-10 s                  ; Yes                        ; No                         ; 3.08 V                      ; 2.02e-05 V                  ; 3.11 V             ; -0.117 V           ; 0.087 V                             ; 0.147 V                             ; 5.3e-10 s                  ; 3.14e-10 s                 ; Yes                       ; No                        ;
; HEX0[3]  ; 3.3-V LVTTL  ; 0 s                 ; 0 s                 ; 3.08 V                       ; 2.02e-05 V                   ; 3.11 V              ; -0.117 V            ; 0.087 V                              ; 0.147 V                              ; 5.3e-10 s                   ; 3.14e-10 s                  ; Yes                        ; No                         ; 3.08 V                      ; 2.02e-05 V                  ; 3.11 V             ; -0.117 V           ; 0.087 V                             ; 0.147 V                             ; 5.3e-10 s                  ; 3.14e-10 s                 ; Yes                       ; No                        ;
; HEX0[4]  ; 3.3-V LVTTL  ; 0 s                 ; 0 s                 ; 3.08 V                       ; 2.02e-05 V                   ; 3.11 V              ; -0.117 V            ; 0.087 V                              ; 0.148 V                              ; 5.31e-10 s                  ; 3.14e-10 s                  ; Yes                        ; No                         ; 3.08 V                      ; 2.02e-05 V                  ; 3.11 V             ; -0.117 V           ; 0.087 V                             ; 0.148 V                             ; 5.31e-10 s                 ; 3.14e-10 s                 ; Yes                       ; No                        ;
; HEX0[5]  ; 3.3-V LVTTL  ; 0 s                 ; 0 s                 ; 3.08 V                       ; 2.02e-05 V                   ; 3.11 V              ; -0.117 V            ; 0.087 V                              ; 0.148 V                              ; 5.31e-10 s                  ; 3.14e-10 s                  ; Yes                        ; No                         ; 3.08 V                      ; 2.02e-05 V                  ; 3.11 V             ; -0.117 V           ; 0.087 V                             ; 0.148 V                             ; 5.31e-10 s                 ; 3.14e-10 s                 ; Yes                       ; No                        ;
; HEX0[6]  ; 3.3-V LVTTL  ; 0 s                 ; 0 s                 ; 3.08 V                       ; 2.02e-05 V                   ; 3.11 V              ; -0.117 V            ; 0.087 V                              ; 0.147 V                              ; 5.3e-10 s                   ; 3.14e-10 s                  ; Yes                        ; No                         ; 3.08 V                      ; 2.02e-05 V                  ; 3.11 V             ; -0.117 V           ; 0.087 V                             ; 0.147 V                             ; 5.3e-10 s                  ; 3.14e-10 s                 ; Yes                       ; No                        ;
; HEX1[0]  ; 3.3-V LVTTL  ; 0 s                 ; 0 s                 ; 3.08 V                       ; 2.02e-05 V                   ; 3.11 V              ; -0.117 V            ; 0.087 V                              ; 0.147 V                              ; 5.3e-10 s                   ; 3.14e-10 s                  ; Yes                        ; No                         ; 3.08 V                      ; 2.02e-05 V                  ; 3.11 V             ; -0.117 V           ; 0.087 V                             ; 0.147 V                             ; 5.3e-10 s                  ; 3.14e-10 s                 ; Yes                       ; No                        ;
; HEX1[1]  ; 3.3-V LVTTL  ; 0 s                 ; 0 s                 ; 3.08 V                       ; 2.02e-05 V                   ; 3.11 V              ; -0.117 V            ; 0.087 V                              ; 0.148 V                              ; 5.31e-10 s                  ; 3.14e-10 s                  ; Yes                        ; No                         ; 3.08 V                      ; 2.02e-05 V                  ; 3.11 V             ; -0.117 V           ; 0.087 V                             ; 0.148 V                             ; 5.31e-10 s                 ; 3.14e-10 s                 ; Yes                       ; No                        ;
; HEX1[2]  ; 3.3-V LVTTL  ; 0 s                 ; 0 s                 ; 3.08 V                       ; 2.02e-05 V                   ; 3.11 V              ; -0.117 V            ; 0.087 V                              ; 0.148 V                              ; 5.31e-10 s                  ; 3.14e-10 s                  ; Yes                        ; No                         ; 3.08 V                      ; 2.02e-05 V                  ; 3.11 V             ; -0.117 V           ; 0.087 V                             ; 0.148 V                             ; 5.31e-10 s                 ; 3.14e-10 s                 ; Yes                       ; No                        ;
; HEX1[3]  ; 3.3-V LVTTL  ; 0 s                 ; 0 s                 ; 3.08 V                       ; 2.02e-05 V                   ; 3.11 V              ; -0.117 V            ; 0.087 V                              ; 0.147 V                              ; 5.3e-10 s                   ; 3.14e-10 s                  ; Yes                        ; No                         ; 3.08 V                      ; 2.02e-05 V                  ; 3.11 V             ; -0.117 V           ; 0.087 V                             ; 0.147 V                             ; 5.3e-10 s                  ; 3.14e-10 s                 ; Yes                       ; No                        ;
; HEX1[4]  ; 3.3-V LVTTL  ; 0 s                 ; 0 s                 ; 3.08 V                       ; 2.02e-05 V                   ; 3.11 V              ; -0.117 V            ; 0.087 V                              ; 0.147 V                              ; 5.3e-10 s                   ; 3.14e-10 s                  ; Yes                        ; No                         ; 3.08 V                      ; 2.02e-05 V                  ; 3.11 V             ; -0.117 V           ; 0.087 V                             ; 0.147 V                             ; 5.3e-10 s                  ; 3.14e-10 s                 ; Yes                       ; No                        ;
; HEX1[5]  ; 3.3-V LVTTL  ; 0 s                 ; 0 s                 ; 3.08 V                       ; 2.02e-05 V                   ; 3.11 V              ; -0.117 V            ; 0.087 V                              ; 0.148 V                              ; 5.31e-10 s                  ; 3.14e-10 s                  ; Yes                        ; No                         ; 3.08 V                      ; 2.02e-05 V                  ; 3.11 V             ; -0.117 V           ; 0.087 V                             ; 0.148 V                             ; 5.31e-10 s                 ; 3.14e-10 s                 ; Yes                       ; No                        ;
; HEX1[6]  ; 3.3-V LVTTL  ; 0 s                 ; 0 s                 ; 3.08 V                       ; 2.02e-05 V                   ; 3.11 V              ; -0.117 V            ; 0.087 V                              ; 0.148 V                              ; 5.31e-10 s                  ; 3.14e-10 s                  ; Yes                        ; No                         ; 3.08 V                      ; 2.02e-05 V                  ; 3.11 V             ; -0.117 V           ; 0.087 V                             ; 0.148 V                             ; 5.31e-10 s                 ; 3.14e-10 s                 ; Yes                       ; No                        ;
; HEX2[0]  ; 3.3-V LVTTL  ; 0 s                 ; 0 s                 ; 3.08 V                       ; 2.1e-05 V                    ; 3.11 V              ; -0.0931 V           ; 0.115 V                              ; 0.142 V                              ; 5.74e-10 s                  ; 3.17e-10 s                  ; Yes                        ; Yes                        ; 3.08 V                      ; 2.1e-05 V                   ; 3.11 V             ; -0.0931 V          ; 0.115 V                             ; 0.142 V                             ; 5.74e-10 s                 ; 3.17e-10 s                 ; Yes                       ; Yes                       ;
; HEX2[1]  ; 3.3-V LVTTL  ; 0 s                 ; 0 s                 ; 3.08 V                       ; 2.02e-05 V                   ; 3.11 V              ; -0.117 V            ; 0.087 V                              ; 0.148 V                              ; 5.31e-10 s                  ; 3.14e-10 s                  ; Yes                        ; No                         ; 3.08 V                      ; 2.02e-05 V                  ; 3.11 V             ; -0.117 V           ; 0.087 V                             ; 0.148 V                             ; 5.31e-10 s                 ; 3.14e-10 s                 ; Yes                       ; No                        ;
; HEX2[2]  ; 3.3-V LVTTL  ; 0 s                 ; 0 s                 ; 3.08 V                       ; 2.02e-05 V                   ; 3.11 V              ; -0.117 V            ; 0.087 V                              ; 0.148 V                              ; 5.31e-10 s                  ; 3.14e-10 s                  ; Yes                        ; No                         ; 3.08 V                      ; 2.02e-05 V                  ; 3.11 V             ; -0.117 V           ; 0.087 V                             ; 0.148 V                             ; 5.31e-10 s                 ; 3.14e-10 s                 ; Yes                       ; No                        ;
; HEX2[3]  ; 3.3-V LVTTL  ; 0 s                 ; 0 s                 ; 3.08 V                       ; 1.66e-05 V                   ; 3.09 V              ; -0.0542 V           ; 0.04 V                               ; 0.089 V                              ; 5.35e-10 s                  ; 3.01e-10 s                  ; Yes                        ; Yes                        ; 3.08 V                      ; 1.66e-05 V                  ; 3.09 V             ; -0.0542 V          ; 0.04 V                              ; 0.089 V                             ; 5.35e-10 s                 ; 3.01e-10 s                 ; Yes                       ; Yes                       ;
; HEX2[4]  ; 3.3-V LVTTL  ; 0 s                 ; 0 s                 ; 3.08 V                       ; 1.66e-05 V                   ; 3.09 V              ; -0.0542 V           ; 0.04 V                               ; 0.089 V                              ; 5.35e-10 s                  ; 3.01e-10 s                  ; Yes                        ; Yes                        ; 3.08 V                      ; 1.66e-05 V                  ; 3.09 V             ; -0.0542 V          ; 0.04 V                              ; 0.089 V                             ; 5.35e-10 s                 ; 3.01e-10 s                 ; Yes                       ; Yes                       ;
; HEX2[5]  ; 3.3-V LVTTL  ; 0 s                 ; 0 s                 ; 3.08 V                       ; 2.02e-05 V                   ; 3.11 V              ; -0.117 V            ; 0.087 V                              ; 0.148 V                              ; 5.31e-10 s                  ; 3.14e-10 s                  ; Yes                        ; No                         ; 3.08 V                      ; 2.02e-05 V                  ; 3.11 V             ; -0.117 V           ; 0.087 V                             ; 0.148 V                             ; 5.31e-10 s                 ; 3.14e-10 s                 ; Yes                       ; No                        ;
; HEX2[6]  ; 3.3-V LVTTL  ; 0 s                 ; 0 s                 ; 3.08 V                       ; 2.02e-05 V                   ; 3.11 V              ; -0.117 V            ; 0.087 V                              ; 0.147 V                              ; 5.3e-10 s                   ; 3.14e-10 s                  ; Yes                        ; No                         ; 3.08 V                      ; 2.02e-05 V                  ; 3.11 V             ; -0.117 V           ; 0.087 V                             ; 0.147 V                             ; 5.3e-10 s                  ; 3.14e-10 s                 ; Yes                       ; No                        ;
; HEX3[0]  ; 3.3-V LVTTL  ; 0 s                 ; 0 s                 ; 3.08 V                       ; 1.66e-05 V                   ; 3.09 V              ; -0.0542 V           ; 0.04 V                               ; 0.089 V                              ; 5.35e-10 s                  ; 3.01e-10 s                  ; Yes                        ; Yes                        ; 3.08 V                      ; 1.66e-05 V                  ; 3.09 V             ; -0.0542 V          ; 0.04 V                              ; 0.089 V                             ; 5.35e-10 s                 ; 3.01e-10 s                 ; Yes                       ; Yes                       ;
; HEX3[1]  ; 3.3-V LVTTL  ; 0 s                 ; 0 s                 ; 3.08 V                       ; 2.1e-05 V                    ; 3.11 V              ; -0.0931 V           ; 0.115 V                              ; 0.142 V                              ; 5.74e-10 s                  ; 3.17e-10 s                  ; Yes                        ; Yes                        ; 3.08 V                      ; 2.1e-05 V                   ; 3.11 V             ; -0.0931 V          ; 0.115 V                             ; 0.142 V                             ; 5.74e-10 s                 ; 3.17e-10 s                 ; Yes                       ; Yes                       ;
; HEX3[2]  ; 3.3-V LVTTL  ; 0 s                 ; 0 s                 ; 3.08 V                       ; 2.1e-05 V                    ; 3.11 V              ; -0.0931 V           ; 0.115 V                              ; 0.142 V                              ; 5.74e-10 s                  ; 3.17e-10 s                  ; Yes                        ; Yes                        ; 3.08 V                      ; 2.1e-05 V                   ; 3.11 V             ; -0.0931 V          ; 0.115 V                             ; 0.142 V                             ; 5.74e-10 s                 ; 3.17e-10 s                 ; Yes                       ; Yes                       ;
; HEX3[3]  ; 3.3-V LVTTL  ; 0 s                 ; 0 s                 ; 3.08 V                       ; 1.66e-05 V                   ; 3.09 V              ; -0.0542 V           ; 0.04 V                               ; 0.089 V                              ; 5.35e-10 s                  ; 3.01e-10 s                  ; Yes                        ; Yes                        ; 3.08 V                      ; 1.66e-05 V                  ; 3.09 V             ; -0.0542 V          ; 0.04 V                              ; 0.089 V                             ; 5.35e-10 s                 ; 3.01e-10 s                 ; Yes                       ; Yes                       ;
; HEX3[4]  ; 3.3-V LVTTL  ; 0 s                 ; 0 s                 ; 3.08 V                       ; 2.1e-05 V                    ; 3.11 V              ; -0.0931 V           ; 0.115 V                              ; 0.142 V                              ; 5.74e-10 s                  ; 3.17e-10 s                  ; Yes                        ; Yes                        ; 3.08 V                      ; 2.1e-05 V                   ; 3.11 V             ; -0.0931 V          ; 0.115 V                             ; 0.142 V                             ; 5.74e-10 s                 ; 3.17e-10 s                 ; Yes                       ; Yes                       ;
; HEX3[5]  ; 3.3-V LVTTL  ; 0 s                 ; 0 s                 ; 3.08 V                       ; 2.1e-05 V                    ; 3.11 V              ; -0.0931 V           ; 0.115 V                              ; 0.142 V                              ; 5.74e-10 s                  ; 3.17e-10 s                  ; Yes                        ; Yes                        ; 3.08 V                      ; 2.1e-05 V                   ; 3.11 V             ; -0.0931 V          ; 0.115 V                             ; 0.142 V                             ; 5.74e-10 s                 ; 3.17e-10 s                 ; Yes                       ; Yes                       ;
; HEX3[6]  ; 3.3-V LVTTL  ; 0 s                 ; 0 s                 ; 3.08 V                       ; 1.66e-05 V                   ; 3.09 V              ; -0.0542 V           ; 0.04 V                               ; 0.089 V                              ; 5.35e-10 s                  ; 3.01e-10 s                  ; Yes                        ; Yes                        ; 3.08 V                      ; 1.66e-05 V                  ; 3.09 V             ; -0.0542 V          ; 0.04 V                              ; 0.089 V                             ; 5.35e-10 s                 ; 3.01e-10 s                 ; Yes                       ; Yes                       ;
; HEX4[0]  ; 3.3-V LVTTL  ; 0 s                 ; 0 s                 ; 3.08 V                       ; 2.02e-05 V                   ; 3.11 V              ; -0.117 V            ; 0.087 V                              ; 0.147 V                              ; 5.3e-10 s                   ; 3.14e-10 s                  ; Yes                        ; No                         ; 3.08 V                      ; 2.02e-05 V                  ; 3.11 V             ; -0.117 V           ; 0.087 V                             ; 0.147 V                             ; 5.3e-10 s                  ; 3.14e-10 s                 ; Yes                       ; No                        ;
; HEX4[1]  ; 3.3-V LVTTL  ; 0 s                 ; 0 s                 ; 3.08 V                       ; 1.66e-05 V                   ; 3.09 V              ; -0.0542 V           ; 0.04 V                               ; 0.089 V                              ; 5.35e-10 s                  ; 3.01e-10 s                  ; Yes                        ; Yes                        ; 3.08 V                      ; 1.66e-05 V                  ; 3.09 V             ; -0.0542 V          ; 0.04 V                              ; 0.089 V                             ; 5.35e-10 s                 ; 3.01e-10 s                 ; Yes                       ; Yes                       ;
; HEX4[2]  ; 3.3-V LVTTL  ; 0 s                 ; 0 s                 ; 3.08 V                       ; 1.66e-05 V                   ; 3.09 V              ; -0.0542 V           ; 0.04 V                               ; 0.089 V                              ; 5.35e-10 s                  ; 3.01e-10 s                  ; Yes                        ; Yes                        ; 3.08 V                      ; 1.66e-05 V                  ; 3.09 V             ; -0.0542 V          ; 0.04 V                              ; 0.089 V                             ; 5.35e-10 s                 ; 3.01e-10 s                 ; Yes                       ; Yes                       ;
; HEX4[3]  ; 3.3-V LVTTL  ; 0 s                 ; 0 s                 ; 3.08 V                       ; 1.66e-05 V                   ; 3.09 V              ; -0.0542 V           ; 0.04 V                               ; 0.089 V                              ; 5.35e-10 s                  ; 3.01e-10 s                  ; Yes                        ; Yes                        ; 3.08 V                      ; 1.66e-05 V                  ; 3.09 V             ; -0.0542 V          ; 0.04 V                              ; 0.089 V                             ; 5.35e-10 s                 ; 3.01e-10 s                 ; Yes                       ; Yes                       ;
; HEX4[4]  ; 3.3-V LVTTL  ; 0 s                 ; 0 s                 ; 3.08 V                       ; 2.1e-05 V                    ; 3.11 V              ; -0.0931 V           ; 0.115 V                              ; 0.142 V                              ; 5.74e-10 s                  ; 3.17e-10 s                  ; Yes                        ; Yes                        ; 3.08 V                      ; 2.1e-05 V                   ; 3.11 V             ; -0.0931 V          ; 0.115 V                             ; 0.142 V                             ; 5.74e-10 s                 ; 3.17e-10 s                 ; Yes                       ; Yes                       ;
; HEX4[5]  ; 3.3-V LVTTL  ; 0 s                 ; 0 s                 ; 3.08 V                       ; 2.1e-05 V                    ; 3.11 V              ; -0.0931 V           ; 0.115 V                              ; 0.142 V                              ; 5.74e-10 s                  ; 3.17e-10 s                  ; Yes                        ; Yes                        ; 3.08 V                      ; 2.1e-05 V                   ; 3.11 V             ; -0.0931 V          ; 0.115 V                             ; 0.142 V                             ; 5.74e-10 s                 ; 3.17e-10 s                 ; Yes                       ; Yes                       ;
; HEX4[6]  ; 3.3-V LVTTL  ; 0 s                 ; 0 s                 ; 3.08 V                       ; 1.66e-05 V                   ; 3.09 V              ; -0.0542 V           ; 0.04 V                               ; 0.089 V                              ; 5.35e-10 s                  ; 3.01e-10 s                  ; Yes                        ; Yes                        ; 3.08 V                      ; 1.66e-05 V                  ; 3.09 V             ; -0.0542 V          ; 0.04 V                              ; 0.089 V                             ; 5.35e-10 s                 ; 3.01e-10 s                 ; Yes                       ; Yes                       ;
; HEX5[0]  ; 3.3-V LVTTL  ; 0 s                 ; 0 s                 ; 3.08 V                       ; 2.1e-05 V                    ; 3.11 V              ; -0.0931 V           ; 0.115 V                              ; 0.142 V                              ; 5.74e-10 s                  ; 3.17e-10 s                  ; Yes                        ; Yes                        ; 3.08 V                      ; 2.1e-05 V                   ; 3.11 V             ; -0.0931 V          ; 0.115 V                             ; 0.142 V                             ; 5.74e-10 s                 ; 3.17e-10 s                 ; Yes                       ; Yes                       ;
; HEX5[1]  ; 3.3-V LVTTL  ; 0 s                 ; 0 s                 ; 3.08 V                       ; 1.66e-05 V                   ; 3.09 V              ; -0.0542 V           ; 0.04 V                               ; 0.089 V                              ; 5.35e-10 s                  ; 3.01e-10 s                  ; Yes                        ; Yes                        ; 3.08 V                      ; 1.66e-05 V                  ; 3.09 V             ; -0.0542 V          ; 0.04 V                              ; 0.089 V                             ; 5.35e-10 s                 ; 3.01e-10 s                 ; Yes                       ; Yes                       ;
; HEX5[2]  ; 3.3-V LVTTL  ; 0 s                 ; 0 s                 ; 3.08 V                       ; 1.66e-05 V                   ; 3.09 V              ; -0.0542 V           ; 0.04 V                               ; 0.089 V                              ; 5.35e-10 s                  ; 3.01e-10 s                  ; Yes                        ; Yes                        ; 3.08 V                      ; 1.66e-05 V                  ; 3.09 V             ; -0.0542 V          ; 0.04 V                              ; 0.089 V                             ; 5.35e-10 s                 ; 3.01e-10 s                 ; Yes                       ; Yes                       ;
; HEX5[3]  ; 3.3-V LVTTL  ; 0 s                 ; 0 s                 ; 3.08 V                       ; 1.66e-05 V                   ; 3.09 V              ; -0.0542 V           ; 0.04 V                               ; 0.089 V                              ; 5.35e-10 s                  ; 3.01e-10 s                  ; Yes                        ; Yes                        ; 3.08 V                      ; 1.66e-05 V                  ; 3.09 V             ; -0.0542 V          ; 0.04 V                              ; 0.089 V                             ; 5.35e-10 s                 ; 3.01e-10 s                 ; Yes                       ; Yes                       ;
; HEX5[4]  ; 3.3-V LVTTL  ; 0 s                 ; 0 s                 ; 3.08 V                       ; 2.02e-05 V                   ; 3.11 V              ; -0.117 V            ; 0.087 V                              ; 0.148 V                              ; 5.31e-10 s                  ; 3.14e-10 s                  ; Yes                        ; No                         ; 3.08 V                      ; 2.02e-05 V                  ; 3.11 V             ; -0.117 V           ; 0.087 V                             ; 0.148 V                             ; 5.31e-10 s                 ; 3.14e-10 s                 ; Yes                       ; No                        ;
; HEX5[5]  ; 3.3-V LVTTL  ; 0 s                 ; 0 s                 ; 3.08 V                       ; 2.02e-05 V                   ; 3.11 V              ; -0.117 V            ; 0.087 V                              ; 0.147 V                              ; 5.3e-10 s                   ; 3.14e-10 s                  ; Yes                        ; No                         ; 3.08 V                      ; 2.02e-05 V                  ; 3.11 V             ; -0.117 V           ; 0.087 V                             ; 0.147 V                             ; 5.3e-10 s                  ; 3.14e-10 s                 ; Yes                       ; No                        ;
; HEX5[6]  ; 3.3-V LVTTL  ; 0 s                 ; 0 s                 ; 3.08 V                       ; 2.1e-05 V                    ; 3.11 V              ; -0.0931 V           ; 0.115 V                              ; 0.142 V                              ; 5.74e-10 s                  ; 3.17e-10 s                  ; Yes                        ; Yes                        ; 3.08 V                      ; 2.1e-05 V                   ; 3.11 V             ; -0.0931 V          ; 0.115 V                             ; 0.142 V                             ; 5.74e-10 s                 ; 3.17e-10 s                 ; Yes                       ; Yes                       ;
; VGA_R[0] ; 3.3-V LVTTL  ; 0 s                 ; 0 s                 ; 3.08 V                       ; 2.02e-05 V                   ; 3.11 V              ; -0.117 V            ; 0.087 V                              ; 0.148 V                              ; 5.31e-10 s                  ; 3.14e-10 s                  ; Yes                        ; No                         ; 3.08 V                      ; 2.02e-05 V                  ; 3.11 V             ; -0.117 V           ; 0.087 V                             ; 0.148 V                             ; 5.31e-10 s                 ; 3.14e-10 s                 ; Yes                       ; No                        ;
; VGA_R[1] ; 3.3-V LVTTL  ; 0 s                 ; 0 s                 ; 3.08 V                       ; 2.1e-05 V                    ; 3.11 V              ; -0.0931 V           ; 0.115 V                              ; 0.142 V                              ; 5.74e-10 s                  ; 3.17e-10 s                  ; Yes                        ; Yes                        ; 3.08 V                      ; 2.1e-05 V                   ; 3.11 V             ; -0.0931 V          ; 0.115 V                             ; 0.142 V                             ; 5.74e-10 s                 ; 3.17e-10 s                 ; Yes                       ; Yes                       ;
; VGA_R[2] ; 3.3-V LVTTL  ; 0 s                 ; 0 s                 ; 3.08 V                       ; 1.66e-05 V                   ; 3.09 V              ; -0.0542 V           ; 0.04 V                               ; 0.089 V                              ; 5.35e-10 s                  ; 3.01e-10 s                  ; Yes                        ; Yes                        ; 3.08 V                      ; 1.66e-05 V                  ; 3.09 V             ; -0.0542 V          ; 0.04 V                              ; 0.089 V                             ; 5.35e-10 s                 ; 3.01e-10 s                 ; Yes                       ; Yes                       ;
; VGA_R[3] ; 3.3-V LVTTL  ; 0 s                 ; 0 s                 ; 3.08 V                       ; 2.02e-05 V                   ; 3.11 V              ; -0.117 V            ; 0.087 V                              ; 0.147 V                              ; 5.3e-10 s                   ; 3.14e-10 s                  ; Yes                        ; No                         ; 3.08 V                      ; 2.02e-05 V                  ; 3.11 V             ; -0.117 V           ; 0.087 V                             ; 0.147 V                             ; 5.3e-10 s                  ; 3.14e-10 s                 ; Yes                       ; No                        ;
; VGA_G[0] ; 3.3-V LVTTL  ; 0 s                 ; 0 s                 ; 3.08 V                       ; 2.02e-05 V                   ; 3.11 V              ; -0.117 V            ; 0.087 V                              ; 0.147 V                              ; 5.3e-10 s                   ; 3.14e-10 s                  ; Yes                        ; No                         ; 3.08 V                      ; 2.02e-05 V                  ; 3.11 V             ; -0.117 V           ; 0.087 V                             ; 0.147 V                             ; 5.3e-10 s                  ; 3.14e-10 s                 ; Yes                       ; No                        ;
; VGA_G[1] ; 3.3-V LVTTL  ; 0 s                 ; 0 s                 ; 3.08 V                       ; 2.02e-05 V                   ; 3.11 V              ; -0.117 V            ; 0.087 V                              ; 0.148 V                              ; 5.31e-10 s                  ; 3.14e-10 s                  ; Yes                        ; No                         ; 3.08 V                      ; 2.02e-05 V                  ; 3.11 V             ; -0.117 V           ; 0.087 V                             ; 0.148 V                             ; 5.31e-10 s                 ; 3.14e-10 s                 ; Yes                       ; No                        ;
; VGA_G[2] ; 3.3-V LVTTL  ; 0 s                 ; 0 s                 ; 3.08 V                       ; 2.1e-05 V                    ; 3.11 V              ; -0.0931 V           ; 0.115 V                              ; 0.142 V                              ; 5.74e-10 s                  ; 3.17e-10 s                  ; Yes                        ; Yes                        ; 3.08 V                      ; 2.1e-05 V                   ; 3.11 V             ; -0.0931 V          ; 0.115 V                             ; 0.142 V                             ; 5.74e-10 s                 ; 3.17e-10 s                 ; Yes                       ; Yes                       ;
; VGA_G[3] ; 3.3-V LVTTL  ; 0 s                 ; 0 s                 ; 3.08 V                       ; 1.66e-05 V                   ; 3.09 V              ; -0.0542 V           ; 0.04 V                               ; 0.089 V                              ; 5.35e-10 s                  ; 3.01e-10 s                  ; Yes                        ; Yes                        ; 3.08 V                      ; 1.66e-05 V                  ; 3.09 V             ; -0.0542 V          ; 0.04 V                              ; 0.089 V                             ; 5.35e-10 s                 ; 3.01e-10 s                 ; Yes                       ; Yes                       ;
; VGA_B[0] ; 3.3-V LVTTL  ; 0 s                 ; 0 s                 ; 3.08 V                       ; 2.02e-05 V                   ; 3.11 V              ; -0.117 V            ; 0.087 V                              ; 0.147 V                              ; 5.3e-10 s                   ; 3.14e-10 s                  ; Yes                        ; No                         ; 3.08 V                      ; 2.02e-05 V                  ; 3.11 V             ; -0.117 V           ; 0.087 V                             ; 0.147 V                             ; 5.3e-10 s                  ; 3.14e-10 s                 ; Yes                       ; No                        ;
; VGA_B[1] ; 3.3-V LVTTL  ; 0 s                 ; 0 s                 ; 3.08 V                       ; 2.02e-05 V                   ; 3.11 V              ; -0.117 V            ; 0.087 V                              ; 0.148 V                              ; 5.31e-10 s                  ; 3.14e-10 s                  ; Yes                        ; No                         ; 3.08 V                      ; 2.02e-05 V                  ; 3.11 V             ; -0.117 V           ; 0.087 V                             ; 0.148 V                             ; 5.31e-10 s                 ; 3.14e-10 s                 ; Yes                       ; No                        ;
; VGA_B[2] ; 3.3-V LVTTL  ; 0 s                 ; 0 s                 ; 3.08 V                       ; 2.1e-05 V                    ; 3.11 V              ; -0.0931 V           ; 0.115 V                              ; 0.142 V                              ; 5.74e-10 s                  ; 3.17e-10 s                  ; Yes                        ; Yes                        ; 3.08 V                      ; 2.1e-05 V                   ; 3.11 V             ; -0.0931 V          ; 0.115 V                             ; 0.142 V                             ; 5.74e-10 s                 ; 3.17e-10 s                 ; Yes                       ; Yes                       ;
; VGA_B[3] ; 3.3-V LVTTL  ; 0 s                 ; 0 s                 ; 3.08 V                       ; 1.66e-05 V                   ; 3.09 V              ; -0.0542 V           ; 0.04 V                               ; 0.089 V                              ; 5.35e-10 s                  ; 3.01e-10 s                  ; Yes                        ; Yes                        ; 3.08 V                      ; 1.66e-05 V                  ; 3.09 V             ; -0.0542 V          ; 0.04 V                              ; 0.089 V                             ; 5.35e-10 s                 ; 3.01e-10 s                 ; Yes                       ; Yes                       ;
; VGA_HS   ; 3.3-V LVTTL  ; 0 s                 ; 0 s                 ; 3.08 V                       ; 2.02e-05 V                   ; 3.11 V              ; -0.117 V            ; 0.087 V                              ; 0.147 V                              ; 5.3e-10 s                   ; 3.14e-10 s                  ; Yes                        ; No                         ; 3.08 V                      ; 2.02e-05 V                  ; 3.11 V             ; -0.117 V           ; 0.087 V                             ; 0.147 V                             ; 5.3e-10 s                  ; 3.14e-10 s                 ; Yes                       ; No                        ;
; VGA_VS   ; 3.3-V LVTTL  ; 0 s                 ; 0 s                 ; 3.08 V                       ; 2.02e-05 V                   ; 3.11 V              ; -0.117 V            ; 0.087 V                              ; 0.148 V                              ; 5.31e-10 s                  ; 3.14e-10 s                  ; Yes                        ; No                         ; 3.08 V                      ; 2.02e-05 V                  ; 3.11 V             ; -0.117 V           ; 0.087 V                             ; 0.148 V                             ; 5.31e-10 s                 ; 3.14e-10 s                 ; Yes                       ; No                        ;
; PS2_CLK  ; 3.3-V LVTTL  ; 0 s                 ; 0 s                 ; 3.08 V                       ; 2.1e-05 V                    ; 3.11 V              ; -0.0931 V           ; 0.115 V                              ; 0.142 V                              ; 5.74e-10 s                  ; 3.17e-10 s                  ; Yes                        ; Yes                        ; 3.08 V                      ; 2.1e-05 V                   ; 3.11 V             ; -0.0931 V          ; 0.115 V                             ; 0.142 V                             ; 5.74e-10 s                 ; 3.17e-10 s                 ; Yes                       ; Yes                       ;
; PS2_DAT  ; 3.3-V LVTTL  ; 0 s                 ; 0 s                 ; 3.08 V                       ; 2.1e-05 V                    ; 3.11 V              ; -0.0931 V           ; 0.115 V                              ; 0.142 V                              ; 5.74e-10 s                  ; 3.17e-10 s                  ; Yes                        ; Yes                        ; 3.08 V                      ; 2.1e-05 V                   ; 3.11 V             ; -0.0931 V          ; 0.115 V                             ; 0.142 V                             ; 5.74e-10 s                 ; 3.17e-10 s                 ; Yes                       ; Yes                       ;
+----------+--------------+---------------------+---------------------+------------------------------+------------------------------+---------------------+---------------------+--------------------------------------+--------------------------------------+-----------------------------+-----------------------------+----------------------------+----------------------------+-----------------------------+-----------------------------+--------------------+--------------------+-------------------------------------+-------------------------------------+----------------------------+----------------------------+---------------------------+---------------------------+


+---------------------------------------------------------------------------------------------------------------------------------------------------------------------------------------------------------------------------------------------------------------------------------------------------------------------------------------------------------------------------------------------------------------------------------------------------------------------------------------------------------------------------------------------------------------------------------------------------------------------------------------------------------------------------------------+
; Signal Integrity Metrics (Fast 1100mv 0c Model)                                                                                                                                                                                                                                                                                                                                                                                                                                                                                                                                                                                                                                       ;
+----------+--------------+---------------------+---------------------+------------------------------+------------------------------+---------------------+---------------------+--------------------------------------+--------------------------------------+-----------------------------+-----------------------------+----------------------------+----------------------------+-----------------------------+-----------------------------+--------------------+--------------------+-------------------------------------+-------------------------------------+----------------------------+----------------------------+---------------------------+---------------------------+
; Pin      ; I/O Standard ; Board Delay on Rise ; Board Delay on Fall ; Steady State Voh at FPGA Pin ; Steady State Vol at FPGA Pin ; Voh Max at FPGA Pin ; Vol Min at FPGA Pin ; Ringback Voltage on Rise at FPGA Pin ; Ringback Voltage on Fall at FPGA Pin ; 10-90 Rise Time at FPGA Pin ; 90-10 Fall Time at FPGA Pin ; Monotonic Rise at FPGA Pin ; Monotonic Fall at FPGA Pin ; Steady State Voh at Far-end ; Steady State Vol at Far-end ; Voh Max at Far-end ; Vol Min at Far-end ; Ringback Voltage on Rise at Far-end ; Ringback Voltage on Fall at Far-end ; 10-90 Rise Time at Far-end ; 90-10 Fall Time at Far-end ; Monotonic Rise at Far-end ; Monotonic Fall at Far-end ;
+----------+--------------+---------------------+---------------------+------------------------------+------------------------------+---------------------+---------------------+--------------------------------------+--------------------------------------+-----------------------------+-----------------------------+----------------------------+----------------------------+-----------------------------+-----------------------------+--------------------+--------------------+-------------------------------------+-------------------------------------+----------------------------+----------------------------+---------------------------+---------------------------+
; LEDR[0]  ; 3.3-V LVTTL  ; 0 s                 ; 0 s                 ; 3.63 V                       ; 4.72e-06 V                   ; 3.7 V               ; -0.49 V             ; 0.117 V                              ; 0.622 V                              ; 3.84e-10 s                  ; 1.48e-10 s                  ; Yes                        ; No                         ; 3.63 V                      ; 4.72e-06 V                  ; 3.7 V              ; -0.49 V            ; 0.117 V                             ; 0.622 V                             ; 3.84e-10 s                 ; 1.48e-10 s                 ; Yes                       ; No                        ;
; LEDR[1]  ; 3.3-V LVTTL  ; 0 s                 ; 0 s                 ; 3.63 V                       ; 4.72e-06 V                   ; 3.7 V               ; -0.49 V             ; 0.117 V                              ; 0.621 V                              ; 3.84e-10 s                  ; 1.48e-10 s                  ; Yes                        ; No                         ; 3.63 V                      ; 4.72e-06 V                  ; 3.7 V              ; -0.49 V            ; 0.117 V                             ; 0.621 V                             ; 3.84e-10 s                 ; 1.48e-10 s                 ; Yes                       ; No                        ;
; LEDR[2]  ; 3.3-V LVTTL  ; 0 s                 ; 0 s                 ; 3.63 V                       ; 3.63e-06 V                   ; 3.64 V              ; -0.326 V            ; 0.091 V                              ; 0.479 V                              ; 3.83e-10 s                  ; 1.5e-10 s                   ; Yes                        ; No                         ; 3.63 V                      ; 3.63e-06 V                  ; 3.64 V             ; -0.326 V           ; 0.091 V                             ; 0.479 V                             ; 3.83e-10 s                 ; 1.5e-10 s                  ; Yes                       ; No                        ;
; LEDR[3]  ; 3.3-V LVTTL  ; 0 s                 ; 0 s                 ; 3.63 V                       ; 4.94e-06 V                   ; 3.69 V              ; -0.414 V            ; 0.134 V                              ; 0.585 V                              ; 4.19e-10 s                  ; 1.53e-10 s                  ; Yes                        ; No                         ; 3.63 V                      ; 4.94e-06 V                  ; 3.69 V             ; -0.414 V           ; 0.134 V                             ; 0.585 V                             ; 4.19e-10 s                 ; 1.53e-10 s                 ; Yes                       ; No                        ;
; LEDR[4]  ; 3.3-V LVTTL  ; 0 s                 ; 0 s                 ; 3.63 V                       ; 4.72e-06 V                   ; 3.7 V               ; -0.49 V             ; 0.117 V                              ; 0.622 V                              ; 3.84e-10 s                  ; 1.48e-10 s                  ; Yes                        ; No                         ; 3.63 V                      ; 4.72e-06 V                  ; 3.7 V              ; -0.49 V            ; 0.117 V                             ; 0.622 V                             ; 3.84e-10 s                 ; 1.48e-10 s                 ; Yes                       ; No                        ;
; LEDR[5]  ; 3.3-V LVTTL  ; 0 s                 ; 0 s                 ; 3.63 V                       ; 4.72e-06 V                   ; 3.7 V               ; -0.49 V             ; 0.117 V                              ; 0.621 V                              ; 3.84e-10 s                  ; 1.48e-10 s                  ; Yes                        ; No                         ; 3.63 V                      ; 4.72e-06 V                  ; 3.7 V              ; -0.49 V            ; 0.117 V                             ; 0.621 V                             ; 3.84e-10 s                 ; 1.48e-10 s                 ; Yes                       ; No                        ;
; LEDR[6]  ; 3.3-V LVTTL  ; 0 s                 ; 0 s                 ; 3.63 V                       ; 4.94e-06 V                   ; 3.69 V              ; -0.414 V            ; 0.134 V                              ; 0.585 V                              ; 4.19e-10 s                  ; 1.53e-10 s                  ; Yes                        ; No                         ; 3.63 V                      ; 4.94e-06 V                  ; 3.69 V             ; -0.414 V           ; 0.134 V                             ; 0.585 V                             ; 4.19e-10 s                 ; 1.53e-10 s                 ; Yes                       ; No                        ;
; LEDR[7]  ; 3.3-V LVTTL  ; 0 s                 ; 0 s                 ; 3.63 V                       ; 3.63e-06 V                   ; 3.64 V              ; -0.326 V            ; 0.091 V                              ; 0.479 V                              ; 3.83e-10 s                  ; 1.5e-10 s                   ; Yes                        ; No                         ; 3.63 V                      ; 3.63e-06 V                  ; 3.64 V             ; -0.326 V           ; 0.091 V                             ; 0.479 V                             ; 3.83e-10 s                 ; 1.5e-10 s                  ; Yes                       ; No                        ;
; LEDR[8]  ; 3.3-V LVTTL  ; 0 s                 ; 0 s                 ; 3.63 V                       ; 4.72e-06 V                   ; 3.7 V               ; -0.49 V             ; 0.117 V                              ; 0.622 V                              ; 3.84e-10 s                  ; 1.48e-10 s                  ; Yes                        ; No                         ; 3.63 V                      ; 4.72e-06 V                  ; 3.7 V              ; -0.49 V            ; 0.117 V                             ; 0.622 V                             ; 3.84e-10 s                 ; 1.48e-10 s                 ; Yes                       ; No                        ;
; LEDR[9]  ; 3.3-V LVTTL  ; 0 s                 ; 0 s                 ; 3.63 V                       ; 4.72e-06 V                   ; 3.7 V               ; -0.49 V             ; 0.117 V                              ; 0.621 V                              ; 3.84e-10 s                  ; 1.48e-10 s                  ; Yes                        ; No                         ; 3.63 V                      ; 4.72e-06 V                  ; 3.7 V              ; -0.49 V            ; 0.117 V                             ; 0.621 V                             ; 3.84e-10 s                 ; 1.48e-10 s                 ; Yes                       ; No                        ;
; HEX0[0]  ; 3.3-V LVTTL  ; 0 s                 ; 0 s                 ; 3.63 V                       ; 4.72e-06 V                   ; 3.7 V               ; -0.49 V             ; 0.117 V                              ; 0.621 V                              ; 3.84e-10 s                  ; 1.48e-10 s                  ; Yes                        ; No                         ; 3.63 V                      ; 4.72e-06 V                  ; 3.7 V              ; -0.49 V            ; 0.117 V                             ; 0.621 V                             ; 3.84e-10 s                 ; 1.48e-10 s                 ; Yes                       ; No                        ;
; HEX0[1]  ; 3.3-V LVTTL  ; 0 s                 ; 0 s                 ; 3.63 V                       ; 4.72e-06 V                   ; 3.7 V               ; -0.49 V             ; 0.117 V                              ; 0.622 V                              ; 3.84e-10 s                  ; 1.48e-10 s                  ; Yes                        ; No                         ; 3.63 V                      ; 4.72e-06 V                  ; 3.7 V              ; -0.49 V            ; 0.117 V                             ; 0.622 V                             ; 3.84e-10 s                 ; 1.48e-10 s                 ; Yes                       ; No                        ;
; HEX0[2]  ; 3.3-V LVTTL  ; 0 s                 ; 0 s                 ; 3.63 V                       ; 4.72e-06 V                   ; 3.7 V               ; -0.49 V             ; 0.117 V                              ; 0.622 V                              ; 3.84e-10 s                  ; 1.48e-10 s                  ; Yes                        ; No                         ; 3.63 V                      ; 4.72e-06 V                  ; 3.7 V              ; -0.49 V            ; 0.117 V                             ; 0.622 V                             ; 3.84e-10 s                 ; 1.48e-10 s                 ; Yes                       ; No                        ;
; HEX0[3]  ; 3.3-V LVTTL  ; 0 s                 ; 0 s                 ; 3.63 V                       ; 4.72e-06 V                   ; 3.7 V               ; -0.49 V             ; 0.117 V                              ; 0.622 V                              ; 3.84e-10 s                  ; 1.48e-10 s                  ; Yes                        ; No                         ; 3.63 V                      ; 4.72e-06 V                  ; 3.7 V              ; -0.49 V            ; 0.117 V                             ; 0.622 V                             ; 3.84e-10 s                 ; 1.48e-10 s                 ; Yes                       ; No                        ;
; HEX0[4]  ; 3.3-V LVTTL  ; 0 s                 ; 0 s                 ; 3.63 V                       ; 4.72e-06 V                   ; 3.7 V               ; -0.49 V             ; 0.117 V                              ; 0.621 V                              ; 3.84e-10 s                  ; 1.48e-10 s                  ; Yes                        ; No                         ; 3.63 V                      ; 4.72e-06 V                  ; 3.7 V              ; -0.49 V            ; 0.117 V                             ; 0.621 V                             ; 3.84e-10 s                 ; 1.48e-10 s                 ; Yes                       ; No                        ;
; HEX0[5]  ; 3.3-V LVTTL  ; 0 s                 ; 0 s                 ; 3.63 V                       ; 4.72e-06 V                   ; 3.7 V               ; -0.49 V             ; 0.117 V                              ; 0.621 V                              ; 3.84e-10 s                  ; 1.48e-10 s                  ; Yes                        ; No                         ; 3.63 V                      ; 4.72e-06 V                  ; 3.7 V              ; -0.49 V            ; 0.117 V                             ; 0.621 V                             ; 3.84e-10 s                 ; 1.48e-10 s                 ; Yes                       ; No                        ;
; HEX0[6]  ; 3.3-V LVTTL  ; 0 s                 ; 0 s                 ; 3.63 V                       ; 4.72e-06 V                   ; 3.7 V               ; -0.49 V             ; 0.117 V                              ; 0.622 V                              ; 3.84e-10 s                  ; 1.48e-10 s                  ; Yes                        ; No                         ; 3.63 V                      ; 4.72e-06 V                  ; 3.7 V              ; -0.49 V            ; 0.117 V                             ; 0.622 V                             ; 3.84e-10 s                 ; 1.48e-10 s                 ; Yes                       ; No                        ;
; HEX1[0]  ; 3.3-V LVTTL  ; 0 s                 ; 0 s                 ; 3.63 V                       ; 4.72e-06 V                   ; 3.7 V               ; -0.49 V             ; 0.117 V                              ; 0.622 V                              ; 3.84e-10 s                  ; 1.48e-10 s                  ; Yes                        ; No                         ; 3.63 V                      ; 4.72e-06 V                  ; 3.7 V              ; -0.49 V            ; 0.117 V                             ; 0.622 V                             ; 3.84e-10 s                 ; 1.48e-10 s                 ; Yes                       ; No                        ;
; HEX1[1]  ; 3.3-V LVTTL  ; 0 s                 ; 0 s                 ; 3.63 V                       ; 4.72e-06 V                   ; 3.7 V               ; -0.49 V             ; 0.117 V                              ; 0.621 V                              ; 3.84e-10 s                  ; 1.48e-10 s                  ; Yes                        ; No                         ; 3.63 V                      ; 4.72e-06 V                  ; 3.7 V              ; -0.49 V            ; 0.117 V                             ; 0.621 V                             ; 3.84e-10 s                 ; 1.48e-10 s                 ; Yes                       ; No                        ;
; HEX1[2]  ; 3.3-V LVTTL  ; 0 s                 ; 0 s                 ; 3.63 V                       ; 4.72e-06 V                   ; 3.7 V               ; -0.49 V             ; 0.117 V                              ; 0.621 V                              ; 3.84e-10 s                  ; 1.48e-10 s                  ; Yes                        ; No                         ; 3.63 V                      ; 4.72e-06 V                  ; 3.7 V              ; -0.49 V            ; 0.117 V                             ; 0.621 V                             ; 3.84e-10 s                 ; 1.48e-10 s                 ; Yes                       ; No                        ;
; HEX1[3]  ; 3.3-V LVTTL  ; 0 s                 ; 0 s                 ; 3.63 V                       ; 4.72e-06 V                   ; 3.7 V               ; -0.49 V             ; 0.117 V                              ; 0.622 V                              ; 3.84e-10 s                  ; 1.48e-10 s                  ; Yes                        ; No                         ; 3.63 V                      ; 4.72e-06 V                  ; 3.7 V              ; -0.49 V            ; 0.117 V                             ; 0.622 V                             ; 3.84e-10 s                 ; 1.48e-10 s                 ; Yes                       ; No                        ;
; HEX1[4]  ; 3.3-V LVTTL  ; 0 s                 ; 0 s                 ; 3.63 V                       ; 4.72e-06 V                   ; 3.7 V               ; -0.49 V             ; 0.117 V                              ; 0.622 V                              ; 3.84e-10 s                  ; 1.48e-10 s                  ; Yes                        ; No                         ; 3.63 V                      ; 4.72e-06 V                  ; 3.7 V              ; -0.49 V            ; 0.117 V                             ; 0.622 V                             ; 3.84e-10 s                 ; 1.48e-10 s                 ; Yes                       ; No                        ;
; HEX1[5]  ; 3.3-V LVTTL  ; 0 s                 ; 0 s                 ; 3.63 V                       ; 4.72e-06 V                   ; 3.7 V               ; -0.49 V             ; 0.117 V                              ; 0.621 V                              ; 3.84e-10 s                  ; 1.48e-10 s                  ; Yes                        ; No                         ; 3.63 V                      ; 4.72e-06 V                  ; 3.7 V              ; -0.49 V            ; 0.117 V                             ; 0.621 V                             ; 3.84e-10 s                 ; 1.48e-10 s                 ; Yes                       ; No                        ;
; HEX1[6]  ; 3.3-V LVTTL  ; 0 s                 ; 0 s                 ; 3.63 V                       ; 4.72e-06 V                   ; 3.7 V               ; -0.49 V             ; 0.117 V                              ; 0.621 V                              ; 3.84e-10 s                  ; 1.48e-10 s                  ; Yes                        ; No                         ; 3.63 V                      ; 4.72e-06 V                  ; 3.7 V              ; -0.49 V            ; 0.117 V                             ; 0.621 V                             ; 3.84e-10 s                 ; 1.48e-10 s                 ; Yes                       ; No                        ;
; HEX2[0]  ; 3.3-V LVTTL  ; 0 s                 ; 0 s                 ; 3.63 V                       ; 4.94e-06 V                   ; 3.69 V              ; -0.414 V            ; 0.134 V                              ; 0.585 V                              ; 4.19e-10 s                  ; 1.53e-10 s                  ; Yes                        ; No                         ; 3.63 V                      ; 4.94e-06 V                  ; 3.69 V             ; -0.414 V           ; 0.134 V                             ; 0.585 V                             ; 4.19e-10 s                 ; 1.53e-10 s                 ; Yes                       ; No                        ;
; HEX2[1]  ; 3.3-V LVTTL  ; 0 s                 ; 0 s                 ; 3.63 V                       ; 4.72e-06 V                   ; 3.7 V               ; -0.49 V             ; 0.117 V                              ; 0.621 V                              ; 3.84e-10 s                  ; 1.48e-10 s                  ; Yes                        ; No                         ; 3.63 V                      ; 4.72e-06 V                  ; 3.7 V              ; -0.49 V            ; 0.117 V                             ; 0.621 V                             ; 3.84e-10 s                 ; 1.48e-10 s                 ; Yes                       ; No                        ;
; HEX2[2]  ; 3.3-V LVTTL  ; 0 s                 ; 0 s                 ; 3.63 V                       ; 4.72e-06 V                   ; 3.7 V               ; -0.49 V             ; 0.117 V                              ; 0.621 V                              ; 3.84e-10 s                  ; 1.48e-10 s                  ; Yes                        ; No                         ; 3.63 V                      ; 4.72e-06 V                  ; 3.7 V              ; -0.49 V            ; 0.117 V                             ; 0.621 V                             ; 3.84e-10 s                 ; 1.48e-10 s                 ; Yes                       ; No                        ;
; HEX2[3]  ; 3.3-V LVTTL  ; 0 s                 ; 0 s                 ; 3.63 V                       ; 3.63e-06 V                   ; 3.64 V              ; -0.326 V            ; 0.091 V                              ; 0.479 V                              ; 3.83e-10 s                  ; 1.5e-10 s                   ; Yes                        ; No                         ; 3.63 V                      ; 3.63e-06 V                  ; 3.64 V             ; -0.326 V           ; 0.091 V                             ; 0.479 V                             ; 3.83e-10 s                 ; 1.5e-10 s                  ; Yes                       ; No                        ;
; HEX2[4]  ; 3.3-V LVTTL  ; 0 s                 ; 0 s                 ; 3.63 V                       ; 3.63e-06 V                   ; 3.64 V              ; -0.326 V            ; 0.091 V                              ; 0.479 V                              ; 3.83e-10 s                  ; 1.5e-10 s                   ; Yes                        ; No                         ; 3.63 V                      ; 3.63e-06 V                  ; 3.64 V             ; -0.326 V           ; 0.091 V                             ; 0.479 V                             ; 3.83e-10 s                 ; 1.5e-10 s                  ; Yes                       ; No                        ;
; HEX2[5]  ; 3.3-V LVTTL  ; 0 s                 ; 0 s                 ; 3.63 V                       ; 4.72e-06 V                   ; 3.7 V               ; -0.49 V             ; 0.117 V                              ; 0.621 V                              ; 3.84e-10 s                  ; 1.48e-10 s                  ; Yes                        ; No                         ; 3.63 V                      ; 4.72e-06 V                  ; 3.7 V              ; -0.49 V            ; 0.117 V                             ; 0.621 V                             ; 3.84e-10 s                 ; 1.48e-10 s                 ; Yes                       ; No                        ;
; HEX2[6]  ; 3.3-V LVTTL  ; 0 s                 ; 0 s                 ; 3.63 V                       ; 4.72e-06 V                   ; 3.7 V               ; -0.49 V             ; 0.117 V                              ; 0.622 V                              ; 3.84e-10 s                  ; 1.48e-10 s                  ; Yes                        ; No                         ; 3.63 V                      ; 4.72e-06 V                  ; 3.7 V              ; -0.49 V            ; 0.117 V                             ; 0.622 V                             ; 3.84e-10 s                 ; 1.48e-10 s                 ; Yes                       ; No                        ;
; HEX3[0]  ; 3.3-V LVTTL  ; 0 s                 ; 0 s                 ; 3.63 V                       ; 3.63e-06 V                   ; 3.64 V              ; -0.326 V            ; 0.091 V                              ; 0.479 V                              ; 3.83e-10 s                  ; 1.5e-10 s                   ; Yes                        ; No                         ; 3.63 V                      ; 3.63e-06 V                  ; 3.64 V             ; -0.326 V           ; 0.091 V                             ; 0.479 V                             ; 3.83e-10 s                 ; 1.5e-10 s                  ; Yes                       ; No                        ;
; HEX3[1]  ; 3.3-V LVTTL  ; 0 s                 ; 0 s                 ; 3.63 V                       ; 4.94e-06 V                   ; 3.69 V              ; -0.414 V            ; 0.134 V                              ; 0.585 V                              ; 4.19e-10 s                  ; 1.53e-10 s                  ; Yes                        ; No                         ; 3.63 V                      ; 4.94e-06 V                  ; 3.69 V             ; -0.414 V           ; 0.134 V                             ; 0.585 V                             ; 4.19e-10 s                 ; 1.53e-10 s                 ; Yes                       ; No                        ;
; HEX3[2]  ; 3.3-V LVTTL  ; 0 s                 ; 0 s                 ; 3.63 V                       ; 4.94e-06 V                   ; 3.69 V              ; -0.414 V            ; 0.134 V                              ; 0.585 V                              ; 4.19e-10 s                  ; 1.53e-10 s                  ; Yes                        ; No                         ; 3.63 V                      ; 4.94e-06 V                  ; 3.69 V             ; -0.414 V           ; 0.134 V                             ; 0.585 V                             ; 4.19e-10 s                 ; 1.53e-10 s                 ; Yes                       ; No                        ;
; HEX3[3]  ; 3.3-V LVTTL  ; 0 s                 ; 0 s                 ; 3.63 V                       ; 3.63e-06 V                   ; 3.64 V              ; -0.326 V            ; 0.091 V                              ; 0.479 V                              ; 3.83e-10 s                  ; 1.5e-10 s                   ; Yes                        ; No                         ; 3.63 V                      ; 3.63e-06 V                  ; 3.64 V             ; -0.326 V           ; 0.091 V                             ; 0.479 V                             ; 3.83e-10 s                 ; 1.5e-10 s                  ; Yes                       ; No                        ;
; HEX3[4]  ; 3.3-V LVTTL  ; 0 s                 ; 0 s                 ; 3.63 V                       ; 4.94e-06 V                   ; 3.69 V              ; -0.414 V            ; 0.134 V                              ; 0.585 V                              ; 4.19e-10 s                  ; 1.53e-10 s                  ; Yes                        ; No                         ; 3.63 V                      ; 4.94e-06 V                  ; 3.69 V             ; -0.414 V           ; 0.134 V                             ; 0.585 V                             ; 4.19e-10 s                 ; 1.53e-10 s                 ; Yes                       ; No                        ;
; HEX3[5]  ; 3.3-V LVTTL  ; 0 s                 ; 0 s                 ; 3.63 V                       ; 4.94e-06 V                   ; 3.69 V              ; -0.414 V            ; 0.134 V                              ; 0.585 V                              ; 4.19e-10 s                  ; 1.53e-10 s                  ; Yes                        ; No                         ; 3.63 V                      ; 4.94e-06 V                  ; 3.69 V             ; -0.414 V           ; 0.134 V                             ; 0.585 V                             ; 4.19e-10 s                 ; 1.53e-10 s                 ; Yes                       ; No                        ;
; HEX3[6]  ; 3.3-V LVTTL  ; 0 s                 ; 0 s                 ; 3.63 V                       ; 3.63e-06 V                   ; 3.64 V              ; -0.326 V            ; 0.091 V                              ; 0.479 V                              ; 3.83e-10 s                  ; 1.5e-10 s                   ; Yes                        ; No                         ; 3.63 V                      ; 3.63e-06 V                  ; 3.64 V             ; -0.326 V           ; 0.091 V                             ; 0.479 V                             ; 3.83e-10 s                 ; 1.5e-10 s                  ; Yes                       ; No                        ;
; HEX4[0]  ; 3.3-V LVTTL  ; 0 s                 ; 0 s                 ; 3.63 V                       ; 4.72e-06 V                   ; 3.7 V               ; -0.49 V             ; 0.117 V                              ; 0.622 V                              ; 3.84e-10 s                  ; 1.48e-10 s                  ; Yes                        ; No                         ; 3.63 V                      ; 4.72e-06 V                  ; 3.7 V              ; -0.49 V            ; 0.117 V                             ; 0.622 V                             ; 3.84e-10 s                 ; 1.48e-10 s                 ; Yes                       ; No                        ;
; HEX4[1]  ; 3.3-V LVTTL  ; 0 s                 ; 0 s                 ; 3.63 V                       ; 3.63e-06 V                   ; 3.64 V              ; -0.326 V            ; 0.091 V                              ; 0.479 V                              ; 3.83e-10 s                  ; 1.5e-10 s                   ; Yes                        ; No                         ; 3.63 V                      ; 3.63e-06 V                  ; 3.64 V             ; -0.326 V           ; 0.091 V                             ; 0.479 V                             ; 3.83e-10 s                 ; 1.5e-10 s                  ; Yes                       ; No                        ;
; HEX4[2]  ; 3.3-V LVTTL  ; 0 s                 ; 0 s                 ; 3.63 V                       ; 3.63e-06 V                   ; 3.64 V              ; -0.326 V            ; 0.091 V                              ; 0.479 V                              ; 3.83e-10 s                  ; 1.5e-10 s                   ; Yes                        ; No                         ; 3.63 V                      ; 3.63e-06 V                  ; 3.64 V             ; -0.326 V           ; 0.091 V                             ; 0.479 V                             ; 3.83e-10 s                 ; 1.5e-10 s                  ; Yes                       ; No                        ;
; HEX4[3]  ; 3.3-V LVTTL  ; 0 s                 ; 0 s                 ; 3.63 V                       ; 3.63e-06 V                   ; 3.64 V              ; -0.326 V            ; 0.091 V                              ; 0.479 V                              ; 3.83e-10 s                  ; 1.5e-10 s                   ; Yes                        ; No                         ; 3.63 V                      ; 3.63e-06 V                  ; 3.64 V             ; -0.326 V           ; 0.091 V                             ; 0.479 V                             ; 3.83e-10 s                 ; 1.5e-10 s                  ; Yes                       ; No                        ;
; HEX4[4]  ; 3.3-V LVTTL  ; 0 s                 ; 0 s                 ; 3.63 V                       ; 4.94e-06 V                   ; 3.69 V              ; -0.414 V            ; 0.134 V                              ; 0.585 V                              ; 4.19e-10 s                  ; 1.53e-10 s                  ; Yes                        ; No                         ; 3.63 V                      ; 4.94e-06 V                  ; 3.69 V             ; -0.414 V           ; 0.134 V                             ; 0.585 V                             ; 4.19e-10 s                 ; 1.53e-10 s                 ; Yes                       ; No                        ;
; HEX4[5]  ; 3.3-V LVTTL  ; 0 s                 ; 0 s                 ; 3.63 V                       ; 4.94e-06 V                   ; 3.69 V              ; -0.414 V            ; 0.134 V                              ; 0.585 V                              ; 4.19e-10 s                  ; 1.53e-10 s                  ; Yes                        ; No                         ; 3.63 V                      ; 4.94e-06 V                  ; 3.69 V             ; -0.414 V           ; 0.134 V                             ; 0.585 V                             ; 4.19e-10 s                 ; 1.53e-10 s                 ; Yes                       ; No                        ;
; HEX4[6]  ; 3.3-V LVTTL  ; 0 s                 ; 0 s                 ; 3.63 V                       ; 3.63e-06 V                   ; 3.64 V              ; -0.326 V            ; 0.091 V                              ; 0.479 V                              ; 3.83e-10 s                  ; 1.5e-10 s                   ; Yes                        ; No                         ; 3.63 V                      ; 3.63e-06 V                  ; 3.64 V             ; -0.326 V           ; 0.091 V                             ; 0.479 V                             ; 3.83e-10 s                 ; 1.5e-10 s                  ; Yes                       ; No                        ;
; HEX5[0]  ; 3.3-V LVTTL  ; 0 s                 ; 0 s                 ; 3.63 V                       ; 4.94e-06 V                   ; 3.69 V              ; -0.414 V            ; 0.134 V                              ; 0.585 V                              ; 4.19e-10 s                  ; 1.53e-10 s                  ; Yes                        ; No                         ; 3.63 V                      ; 4.94e-06 V                  ; 3.69 V             ; -0.414 V           ; 0.134 V                             ; 0.585 V                             ; 4.19e-10 s                 ; 1.53e-10 s                 ; Yes                       ; No                        ;
; HEX5[1]  ; 3.3-V LVTTL  ; 0 s                 ; 0 s                 ; 3.63 V                       ; 3.63e-06 V                   ; 3.64 V              ; -0.326 V            ; 0.091 V                              ; 0.479 V                              ; 3.83e-10 s                  ; 1.5e-10 s                   ; Yes                        ; No                         ; 3.63 V                      ; 3.63e-06 V                  ; 3.64 V             ; -0.326 V           ; 0.091 V                             ; 0.479 V                             ; 3.83e-10 s                 ; 1.5e-10 s                  ; Yes                       ; No                        ;
; HEX5[2]  ; 3.3-V LVTTL  ; 0 s                 ; 0 s                 ; 3.63 V                       ; 3.63e-06 V                   ; 3.64 V              ; -0.326 V            ; 0.091 V                              ; 0.479 V                              ; 3.83e-10 s                  ; 1.5e-10 s                   ; Yes                        ; No                         ; 3.63 V                      ; 3.63e-06 V                  ; 3.64 V             ; -0.326 V           ; 0.091 V                             ; 0.479 V                             ; 3.83e-10 s                 ; 1.5e-10 s                  ; Yes                       ; No                        ;
; HEX5[3]  ; 3.3-V LVTTL  ; 0 s                 ; 0 s                 ; 3.63 V                       ; 3.63e-06 V                   ; 3.64 V              ; -0.326 V            ; 0.091 V                              ; 0.479 V                              ; 3.83e-10 s                  ; 1.5e-10 s                   ; Yes                        ; No                         ; 3.63 V                      ; 3.63e-06 V                  ; 3.64 V             ; -0.326 V           ; 0.091 V                             ; 0.479 V                             ; 3.83e-10 s                 ; 1.5e-10 s                  ; Yes                       ; No                        ;
; HEX5[4]  ; 3.3-V LVTTL  ; 0 s                 ; 0 s                 ; 3.63 V                       ; 4.72e-06 V                   ; 3.7 V               ; -0.49 V             ; 0.117 V                              ; 0.621 V                              ; 3.84e-10 s                  ; 1.48e-10 s                  ; Yes                        ; No                         ; 3.63 V                      ; 4.72e-06 V                  ; 3.7 V              ; -0.49 V            ; 0.117 V                             ; 0.621 V                             ; 3.84e-10 s                 ; 1.48e-10 s                 ; Yes                       ; No                        ;
; HEX5[5]  ; 3.3-V LVTTL  ; 0 s                 ; 0 s                 ; 3.63 V                       ; 4.72e-06 V                   ; 3.7 V               ; -0.49 V             ; 0.117 V                              ; 0.622 V                              ; 3.84e-10 s                  ; 1.48e-10 s                  ; Yes                        ; No                         ; 3.63 V                      ; 4.72e-06 V                  ; 3.7 V              ; -0.49 V            ; 0.117 V                             ; 0.622 V                             ; 3.84e-10 s                 ; 1.48e-10 s                 ; Yes                       ; No                        ;
; HEX5[6]  ; 3.3-V LVTTL  ; 0 s                 ; 0 s                 ; 3.63 V                       ; 4.94e-06 V                   ; 3.69 V              ; -0.414 V            ; 0.134 V                              ; 0.585 V                              ; 4.19e-10 s                  ; 1.53e-10 s                  ; Yes                        ; No                         ; 3.63 V                      ; 4.94e-06 V                  ; 3.69 V             ; -0.414 V           ; 0.134 V                             ; 0.585 V                             ; 4.19e-10 s                 ; 1.53e-10 s                 ; Yes                       ; No                        ;
; VGA_R[0] ; 3.3-V LVTTL  ; 0 s                 ; 0 s                 ; 3.63 V                       ; 4.72e-06 V                   ; 3.7 V               ; -0.49 V             ; 0.117 V                              ; 0.621 V                              ; 3.84e-10 s                  ; 1.48e-10 s                  ; Yes                        ; No                         ; 3.63 V                      ; 4.72e-06 V                  ; 3.7 V              ; -0.49 V            ; 0.117 V                             ; 0.621 V                             ; 3.84e-10 s                 ; 1.48e-10 s                 ; Yes                       ; No                        ;
; VGA_R[1] ; 3.3-V LVTTL  ; 0 s                 ; 0 s                 ; 3.63 V                       ; 4.94e-06 V                   ; 3.69 V              ; -0.414 V            ; 0.134 V                              ; 0.585 V                              ; 4.19e-10 s                  ; 1.53e-10 s                  ; Yes                        ; No                         ; 3.63 V                      ; 4.94e-06 V                  ; 3.69 V             ; -0.414 V           ; 0.134 V                             ; 0.585 V                             ; 4.19e-10 s                 ; 1.53e-10 s                 ; Yes                       ; No                        ;
; VGA_R[2] ; 3.3-V LVTTL  ; 0 s                 ; 0 s                 ; 3.63 V                       ; 3.63e-06 V                   ; 3.64 V              ; -0.326 V            ; 0.091 V                              ; 0.479 V                              ; 3.83e-10 s                  ; 1.5e-10 s                   ; Yes                        ; No                         ; 3.63 V                      ; 3.63e-06 V                  ; 3.64 V             ; -0.326 V           ; 0.091 V                             ; 0.479 V                             ; 3.83e-10 s                 ; 1.5e-10 s                  ; Yes                       ; No                        ;
; VGA_R[3] ; 3.3-V LVTTL  ; 0 s                 ; 0 s                 ; 3.63 V                       ; 4.72e-06 V                   ; 3.7 V               ; -0.49 V             ; 0.117 V                              ; 0.622 V                              ; 3.84e-10 s                  ; 1.48e-10 s                  ; Yes                        ; No                         ; 3.63 V                      ; 4.72e-06 V                  ; 3.7 V              ; -0.49 V            ; 0.117 V                             ; 0.622 V                             ; 3.84e-10 s                 ; 1.48e-10 s                 ; Yes                       ; No                        ;
; VGA_G[0] ; 3.3-V LVTTL  ; 0 s                 ; 0 s                 ; 3.63 V                       ; 4.72e-06 V                   ; 3.7 V               ; -0.49 V             ; 0.117 V                              ; 0.622 V                              ; 3.84e-10 s                  ; 1.48e-10 s                  ; Yes                        ; No                         ; 3.63 V                      ; 4.72e-06 V                  ; 3.7 V              ; -0.49 V            ; 0.117 V                             ; 0.622 V                             ; 3.84e-10 s                 ; 1.48e-10 s                 ; Yes                       ; No                        ;
; VGA_G[1] ; 3.3-V LVTTL  ; 0 s                 ; 0 s                 ; 3.63 V                       ; 4.72e-06 V                   ; 3.7 V               ; -0.49 V             ; 0.117 V                              ; 0.621 V                              ; 3.84e-10 s                  ; 1.48e-10 s                  ; Yes                        ; No                         ; 3.63 V                      ; 4.72e-06 V                  ; 3.7 V              ; -0.49 V            ; 0.117 V                             ; 0.621 V                             ; 3.84e-10 s                 ; 1.48e-10 s                 ; Yes                       ; No                        ;
; VGA_G[2] ; 3.3-V LVTTL  ; 0 s                 ; 0 s                 ; 3.63 V                       ; 4.94e-06 V                   ; 3.69 V              ; -0.414 V            ; 0.134 V                              ; 0.585 V                              ; 4.19e-10 s                  ; 1.53e-10 s                  ; Yes                        ; No                         ; 3.63 V                      ; 4.94e-06 V                  ; 3.69 V             ; -0.414 V           ; 0.134 V                             ; 0.585 V                             ; 4.19e-10 s                 ; 1.53e-10 s                 ; Yes                       ; No                        ;
; VGA_G[3] ; 3.3-V LVTTL  ; 0 s                 ; 0 s                 ; 3.63 V                       ; 3.63e-06 V                   ; 3.64 V              ; -0.326 V            ; 0.091 V                              ; 0.479 V                              ; 3.83e-10 s                  ; 1.5e-10 s                   ; Yes                        ; No                         ; 3.63 V                      ; 3.63e-06 V                  ; 3.64 V             ; -0.326 V           ; 0.091 V                             ; 0.479 V                             ; 3.83e-10 s                 ; 1.5e-10 s                  ; Yes                       ; No                        ;
; VGA_B[0] ; 3.3-V LVTTL  ; 0 s                 ; 0 s                 ; 3.63 V                       ; 4.72e-06 V                   ; 3.7 V               ; -0.49 V             ; 0.117 V                              ; 0.622 V                              ; 3.84e-10 s                  ; 1.48e-10 s                  ; Yes                        ; No                         ; 3.63 V                      ; 4.72e-06 V                  ; 3.7 V              ; -0.49 V            ; 0.117 V                             ; 0.622 V                             ; 3.84e-10 s                 ; 1.48e-10 s                 ; Yes                       ; No                        ;
; VGA_B[1] ; 3.3-V LVTTL  ; 0 s                 ; 0 s                 ; 3.63 V                       ; 4.72e-06 V                   ; 3.7 V               ; -0.49 V             ; 0.117 V                              ; 0.621 V                              ; 3.84e-10 s                  ; 1.48e-10 s                  ; Yes                        ; No                         ; 3.63 V                      ; 4.72e-06 V                  ; 3.7 V              ; -0.49 V            ; 0.117 V                             ; 0.621 V                             ; 3.84e-10 s                 ; 1.48e-10 s                 ; Yes                       ; No                        ;
; VGA_B[2] ; 3.3-V LVTTL  ; 0 s                 ; 0 s                 ; 3.63 V                       ; 4.94e-06 V                   ; 3.69 V              ; -0.414 V            ; 0.134 V                              ; 0.585 V                              ; 4.19e-10 s                  ; 1.53e-10 s                  ; Yes                        ; No                         ; 3.63 V                      ; 4.94e-06 V                  ; 3.69 V             ; -0.414 V           ; 0.134 V                             ; 0.585 V                             ; 4.19e-10 s                 ; 1.53e-10 s                 ; Yes                       ; No                        ;
; VGA_B[3] ; 3.3-V LVTTL  ; 0 s                 ; 0 s                 ; 3.63 V                       ; 3.63e-06 V                   ; 3.64 V              ; -0.326 V            ; 0.091 V                              ; 0.479 V                              ; 3.83e-10 s                  ; 1.5e-10 s                   ; Yes                        ; No                         ; 3.63 V                      ; 3.63e-06 V                  ; 3.64 V             ; -0.326 V           ; 0.091 V                             ; 0.479 V                             ; 3.83e-10 s                 ; 1.5e-10 s                  ; Yes                       ; No                        ;
; VGA_HS   ; 3.3-V LVTTL  ; 0 s                 ; 0 s                 ; 3.63 V                       ; 4.72e-06 V                   ; 3.7 V               ; -0.49 V             ; 0.117 V                              ; 0.622 V                              ; 3.84e-10 s                  ; 1.48e-10 s                  ; Yes                        ; No                         ; 3.63 V                      ; 4.72e-06 V                  ; 3.7 V              ; -0.49 V            ; 0.117 V                             ; 0.622 V                             ; 3.84e-10 s                 ; 1.48e-10 s                 ; Yes                       ; No                        ;
; VGA_VS   ; 3.3-V LVTTL  ; 0 s                 ; 0 s                 ; 3.63 V                       ; 4.72e-06 V                   ; 3.7 V               ; -0.49 V             ; 0.117 V                              ; 0.621 V                              ; 3.84e-10 s                  ; 1.48e-10 s                  ; Yes                        ; No                         ; 3.63 V                      ; 4.72e-06 V                  ; 3.7 V              ; -0.49 V            ; 0.117 V                             ; 0.621 V                             ; 3.84e-10 s                 ; 1.48e-10 s                 ; Yes                       ; No                        ;
; PS2_CLK  ; 3.3-V LVTTL  ; 0 s                 ; 0 s                 ; 3.63 V                       ; 4.94e-06 V                   ; 3.69 V              ; -0.414 V            ; 0.134 V                              ; 0.585 V                              ; 4.19e-10 s                  ; 1.53e-10 s                  ; Yes                        ; No                         ; 3.63 V                      ; 4.94e-06 V                  ; 3.69 V             ; -0.414 V           ; 0.134 V                             ; 0.585 V                             ; 4.19e-10 s                 ; 1.53e-10 s                 ; Yes                       ; No                        ;
; PS2_DAT  ; 3.3-V LVTTL  ; 0 s                 ; 0 s                 ; 3.63 V                       ; 4.94e-06 V                   ; 3.69 V              ; -0.414 V            ; 0.134 V                              ; 0.585 V                              ; 4.19e-10 s                  ; 1.53e-10 s                  ; Yes                        ; No                         ; 3.63 V                      ; 4.94e-06 V                  ; 3.69 V             ; -0.414 V           ; 0.134 V                             ; 0.585 V                             ; 4.19e-10 s                 ; 1.53e-10 s                 ; Yes                       ; No                        ;
+----------+--------------+---------------------+---------------------+------------------------------+------------------------------+---------------------+---------------------+--------------------------------------+--------------------------------------+-----------------------------+-----------------------------+----------------------------+----------------------------+-----------------------------+-----------------------------+--------------------+--------------------+-------------------------------------+-------------------------------------+----------------------------+----------------------------+---------------------------+---------------------------+


+---------------------------------------------------------------------------------------------------------------------------------------------------------------------------------------------------------------------------------------------------------------------------------------------------------------------------------------------------------------------------------------------------------------------------------------------------------------------------------------------------------------------------------------------------------------------------------------------------------------------------------------------------------------------------------------+
; Signal Integrity Metrics (Fast 1100mv 85c Model)                                                                                                                                                                                                                                                                                                                                                                                                                                                                                                                                                                                                                                      ;
+----------+--------------+---------------------+---------------------+------------------------------+------------------------------+---------------------+---------------------+--------------------------------------+--------------------------------------+-----------------------------+-----------------------------+----------------------------+----------------------------+-----------------------------+-----------------------------+--------------------+--------------------+-------------------------------------+-------------------------------------+----------------------------+----------------------------+---------------------------+---------------------------+
; Pin      ; I/O Standard ; Board Delay on Rise ; Board Delay on Fall ; Steady State Voh at FPGA Pin ; Steady State Vol at FPGA Pin ; Voh Max at FPGA Pin ; Vol Min at FPGA Pin ; Ringback Voltage on Rise at FPGA Pin ; Ringback Voltage on Fall at FPGA Pin ; 10-90 Rise Time at FPGA Pin ; 90-10 Fall Time at FPGA Pin ; Monotonic Rise at FPGA Pin ; Monotonic Fall at FPGA Pin ; Steady State Voh at Far-end ; Steady State Vol at Far-end ; Voh Max at Far-end ; Vol Min at Far-end ; Ringback Voltage on Rise at Far-end ; Ringback Voltage on Fall at Far-end ; 10-90 Rise Time at Far-end ; 90-10 Fall Time at Far-end ; Monotonic Rise at Far-end ; Monotonic Fall at Far-end ;
+----------+--------------+---------------------+---------------------+------------------------------+------------------------------+---------------------+---------------------+--------------------------------------+--------------------------------------+-----------------------------+-----------------------------+----------------------------+----------------------------+-----------------------------+-----------------------------+--------------------+--------------------+-------------------------------------+-------------------------------------+----------------------------+----------------------------+---------------------------+---------------------------+
; LEDR[0]  ; 3.3-V LVTTL  ; 0 s                 ; 0 s                 ; 3.63 V                       ; 0.000229 V                   ; 3.65 V              ; -0.316 V            ; 0.041 V                              ; 0.53 V                               ; 4.29e-10 s                  ; 1.87e-10 s                  ; Yes                        ; No                         ; 3.63 V                      ; 0.000229 V                  ; 3.65 V             ; -0.316 V           ; 0.041 V                             ; 0.53 V                              ; 4.29e-10 s                 ; 1.87e-10 s                 ; Yes                       ; No                        ;
; LEDR[1]  ; 3.3-V LVTTL  ; 0 s                 ; 0 s                 ; 3.63 V                       ; 0.000229 V                   ; 3.65 V              ; -0.319 V            ; 0.041 V                              ; 0.528 V                              ; 4.29e-10 s                  ; 1.87e-10 s                  ; Yes                        ; No                         ; 3.63 V                      ; 0.000229 V                  ; 3.65 V             ; -0.319 V           ; 0.041 V                             ; 0.528 V                             ; 4.29e-10 s                 ; 1.87e-10 s                 ; Yes                       ; No                        ;
; LEDR[2]  ; 3.3-V LVTTL  ; 0 s                 ; 0 s                 ; 3.63 V                       ; 0.000184 V                   ; 3.64 V              ; -0.19 V             ; 0.019 V                              ; 0.425 V                              ; 4.44e-10 s                  ; 1.91e-10 s                  ; Yes                        ; No                         ; 3.63 V                      ; 0.000184 V                  ; 3.64 V             ; -0.19 V            ; 0.019 V                             ; 0.425 V                             ; 4.44e-10 s                 ; 1.91e-10 s                 ; Yes                       ; No                        ;
; LEDR[3]  ; 3.3-V LVTTL  ; 0 s                 ; 0 s                 ; 3.63 V                       ; 0.000238 V                   ; 3.64 V              ; -0.254 V            ; 0.052 V                              ; 0.543 V                              ; 4.59e-10 s                  ; 1.96e-10 s                  ; Yes                        ; No                         ; 3.63 V                      ; 0.000238 V                  ; 3.64 V             ; -0.254 V           ; 0.052 V                             ; 0.543 V                             ; 4.59e-10 s                 ; 1.96e-10 s                 ; Yes                       ; No                        ;
; LEDR[4]  ; 3.3-V LVTTL  ; 0 s                 ; 0 s                 ; 3.63 V                       ; 0.000229 V                   ; 3.65 V              ; -0.316 V            ; 0.041 V                              ; 0.53 V                               ; 4.29e-10 s                  ; 1.87e-10 s                  ; Yes                        ; No                         ; 3.63 V                      ; 0.000229 V                  ; 3.65 V             ; -0.316 V           ; 0.041 V                             ; 0.53 V                              ; 4.29e-10 s                 ; 1.87e-10 s                 ; Yes                       ; No                        ;
; LEDR[5]  ; 3.3-V LVTTL  ; 0 s                 ; 0 s                 ; 3.63 V                       ; 0.000229 V                   ; 3.65 V              ; -0.319 V            ; 0.041 V                              ; 0.528 V                              ; 4.29e-10 s                  ; 1.87e-10 s                  ; Yes                        ; No                         ; 3.63 V                      ; 0.000229 V                  ; 3.65 V             ; -0.319 V           ; 0.041 V                             ; 0.528 V                             ; 4.29e-10 s                 ; 1.87e-10 s                 ; Yes                       ; No                        ;
; LEDR[6]  ; 3.3-V LVTTL  ; 0 s                 ; 0 s                 ; 3.63 V                       ; 0.000238 V                   ; 3.64 V              ; -0.254 V            ; 0.052 V                              ; 0.543 V                              ; 4.59e-10 s                  ; 1.96e-10 s                  ; Yes                        ; No                         ; 3.63 V                      ; 0.000238 V                  ; 3.64 V             ; -0.254 V           ; 0.052 V                             ; 0.543 V                             ; 4.59e-10 s                 ; 1.96e-10 s                 ; Yes                       ; No                        ;
; LEDR[7]  ; 3.3-V LVTTL  ; 0 s                 ; 0 s                 ; 3.63 V                       ; 0.000184 V                   ; 3.64 V              ; -0.19 V             ; 0.019 V                              ; 0.425 V                              ; 4.44e-10 s                  ; 1.91e-10 s                  ; Yes                        ; No                         ; 3.63 V                      ; 0.000184 V                  ; 3.64 V             ; -0.19 V            ; 0.019 V                             ; 0.425 V                             ; 4.44e-10 s                 ; 1.91e-10 s                 ; Yes                       ; No                        ;
; LEDR[8]  ; 3.3-V LVTTL  ; 0 s                 ; 0 s                 ; 3.63 V                       ; 0.000229 V                   ; 3.65 V              ; -0.316 V            ; 0.041 V                              ; 0.53 V                               ; 4.29e-10 s                  ; 1.87e-10 s                  ; Yes                        ; No                         ; 3.63 V                      ; 0.000229 V                  ; 3.65 V             ; -0.316 V           ; 0.041 V                             ; 0.53 V                              ; 4.29e-10 s                 ; 1.87e-10 s                 ; Yes                       ; No                        ;
; LEDR[9]  ; 3.3-V LVTTL  ; 0 s                 ; 0 s                 ; 3.63 V                       ; 0.000229 V                   ; 3.65 V              ; -0.319 V            ; 0.041 V                              ; 0.528 V                              ; 4.29e-10 s                  ; 1.87e-10 s                  ; Yes                        ; No                         ; 3.63 V                      ; 0.000229 V                  ; 3.65 V             ; -0.319 V           ; 0.041 V                             ; 0.528 V                             ; 4.29e-10 s                 ; 1.87e-10 s                 ; Yes                       ; No                        ;
; HEX0[0]  ; 3.3-V LVTTL  ; 0 s                 ; 0 s                 ; 3.63 V                       ; 0.000229 V                   ; 3.65 V              ; -0.319 V            ; 0.041 V                              ; 0.528 V                              ; 4.29e-10 s                  ; 1.87e-10 s                  ; Yes                        ; No                         ; 3.63 V                      ; 0.000229 V                  ; 3.65 V             ; -0.319 V           ; 0.041 V                             ; 0.528 V                             ; 4.29e-10 s                 ; 1.87e-10 s                 ; Yes                       ; No                        ;
; HEX0[1]  ; 3.3-V LVTTL  ; 0 s                 ; 0 s                 ; 3.63 V                       ; 0.000229 V                   ; 3.65 V              ; -0.316 V            ; 0.041 V                              ; 0.53 V                               ; 4.29e-10 s                  ; 1.87e-10 s                  ; Yes                        ; No                         ; 3.63 V                      ; 0.000229 V                  ; 3.65 V             ; -0.316 V           ; 0.041 V                             ; 0.53 V                              ; 4.29e-10 s                 ; 1.87e-10 s                 ; Yes                       ; No                        ;
; HEX0[2]  ; 3.3-V LVTTL  ; 0 s                 ; 0 s                 ; 3.63 V                       ; 0.000229 V                   ; 3.65 V              ; -0.316 V            ; 0.041 V                              ; 0.53 V                               ; 4.29e-10 s                  ; 1.87e-10 s                  ; Yes                        ; No                         ; 3.63 V                      ; 0.000229 V                  ; 3.65 V             ; -0.316 V           ; 0.041 V                             ; 0.53 V                              ; 4.29e-10 s                 ; 1.87e-10 s                 ; Yes                       ; No                        ;
; HEX0[3]  ; 3.3-V LVTTL  ; 0 s                 ; 0 s                 ; 3.63 V                       ; 0.000229 V                   ; 3.65 V              ; -0.316 V            ; 0.041 V                              ; 0.53 V                               ; 4.29e-10 s                  ; 1.87e-10 s                  ; Yes                        ; No                         ; 3.63 V                      ; 0.000229 V                  ; 3.65 V             ; -0.316 V           ; 0.041 V                             ; 0.53 V                              ; 4.29e-10 s                 ; 1.87e-10 s                 ; Yes                       ; No                        ;
; HEX0[4]  ; 3.3-V LVTTL  ; 0 s                 ; 0 s                 ; 3.63 V                       ; 0.000229 V                   ; 3.65 V              ; -0.319 V            ; 0.041 V                              ; 0.528 V                              ; 4.29e-10 s                  ; 1.87e-10 s                  ; Yes                        ; No                         ; 3.63 V                      ; 0.000229 V                  ; 3.65 V             ; -0.319 V           ; 0.041 V                             ; 0.528 V                             ; 4.29e-10 s                 ; 1.87e-10 s                 ; Yes                       ; No                        ;
; HEX0[5]  ; 3.3-V LVTTL  ; 0 s                 ; 0 s                 ; 3.63 V                       ; 0.000229 V                   ; 3.65 V              ; -0.319 V            ; 0.041 V                              ; 0.528 V                              ; 4.29e-10 s                  ; 1.87e-10 s                  ; Yes                        ; No                         ; 3.63 V                      ; 0.000229 V                  ; 3.65 V             ; -0.319 V           ; 0.041 V                             ; 0.528 V                             ; 4.29e-10 s                 ; 1.87e-10 s                 ; Yes                       ; No                        ;
; HEX0[6]  ; 3.3-V LVTTL  ; 0 s                 ; 0 s                 ; 3.63 V                       ; 0.000229 V                   ; 3.65 V              ; -0.316 V            ; 0.041 V                              ; 0.53 V                               ; 4.29e-10 s                  ; 1.87e-10 s                  ; Yes                        ; No                         ; 3.63 V                      ; 0.000229 V                  ; 3.65 V             ; -0.316 V           ; 0.041 V                             ; 0.53 V                              ; 4.29e-10 s                 ; 1.87e-10 s                 ; Yes                       ; No                        ;
; HEX1[0]  ; 3.3-V LVTTL  ; 0 s                 ; 0 s                 ; 3.63 V                       ; 0.000229 V                   ; 3.65 V              ; -0.316 V            ; 0.041 V                              ; 0.53 V                               ; 4.29e-10 s                  ; 1.87e-10 s                  ; Yes                        ; No                         ; 3.63 V                      ; 0.000229 V                  ; 3.65 V             ; -0.316 V           ; 0.041 V                             ; 0.53 V                              ; 4.29e-10 s                 ; 1.87e-10 s                 ; Yes                       ; No                        ;
; HEX1[1]  ; 3.3-V LVTTL  ; 0 s                 ; 0 s                 ; 3.63 V                       ; 0.000229 V                   ; 3.65 V              ; -0.319 V            ; 0.041 V                              ; 0.528 V                              ; 4.29e-10 s                  ; 1.87e-10 s                  ; Yes                        ; No                         ; 3.63 V                      ; 0.000229 V                  ; 3.65 V             ; -0.319 V           ; 0.041 V                             ; 0.528 V                             ; 4.29e-10 s                 ; 1.87e-10 s                 ; Yes                       ; No                        ;
; HEX1[2]  ; 3.3-V LVTTL  ; 0 s                 ; 0 s                 ; 3.63 V                       ; 0.000229 V                   ; 3.65 V              ; -0.319 V            ; 0.041 V                              ; 0.528 V                              ; 4.29e-10 s                  ; 1.87e-10 s                  ; Yes                        ; No                         ; 3.63 V                      ; 0.000229 V                  ; 3.65 V             ; -0.319 V           ; 0.041 V                             ; 0.528 V                             ; 4.29e-10 s                 ; 1.87e-10 s                 ; Yes                       ; No                        ;
; HEX1[3]  ; 3.3-V LVTTL  ; 0 s                 ; 0 s                 ; 3.63 V                       ; 0.000229 V                   ; 3.65 V              ; -0.316 V            ; 0.041 V                              ; 0.53 V                               ; 4.29e-10 s                  ; 1.87e-10 s                  ; Yes                        ; No                         ; 3.63 V                      ; 0.000229 V                  ; 3.65 V             ; -0.316 V           ; 0.041 V                             ; 0.53 V                              ; 4.29e-10 s                 ; 1.87e-10 s                 ; Yes                       ; No                        ;
; HEX1[4]  ; 3.3-V LVTTL  ; 0 s                 ; 0 s                 ; 3.63 V                       ; 0.000229 V                   ; 3.65 V              ; -0.316 V            ; 0.041 V                              ; 0.53 V                               ; 4.29e-10 s                  ; 1.87e-10 s                  ; Yes                        ; No                         ; 3.63 V                      ; 0.000229 V                  ; 3.65 V             ; -0.316 V           ; 0.041 V                             ; 0.53 V                              ; 4.29e-10 s                 ; 1.87e-10 s                 ; Yes                       ; No                        ;
; HEX1[5]  ; 3.3-V LVTTL  ; 0 s                 ; 0 s                 ; 3.63 V                       ; 0.000229 V                   ; 3.65 V              ; -0.319 V            ; 0.041 V                              ; 0.528 V                              ; 4.29e-10 s                  ; 1.87e-10 s                  ; Yes                        ; No                         ; 3.63 V                      ; 0.000229 V                  ; 3.65 V             ; -0.319 V           ; 0.041 V                             ; 0.528 V                             ; 4.29e-10 s                 ; 1.87e-10 s                 ; Yes                       ; No                        ;
; HEX1[6]  ; 3.3-V LVTTL  ; 0 s                 ; 0 s                 ; 3.63 V                       ; 0.000229 V                   ; 3.65 V              ; -0.319 V            ; 0.041 V                              ; 0.528 V                              ; 4.29e-10 s                  ; 1.87e-10 s                  ; Yes                        ; No                         ; 3.63 V                      ; 0.000229 V                  ; 3.65 V             ; -0.319 V           ; 0.041 V                             ; 0.528 V                             ; 4.29e-10 s                 ; 1.87e-10 s                 ; Yes                       ; No                        ;
; HEX2[0]  ; 3.3-V LVTTL  ; 0 s                 ; 0 s                 ; 3.63 V                       ; 0.000238 V                   ; 3.64 V              ; -0.254 V            ; 0.052 V                              ; 0.543 V                              ; 4.59e-10 s                  ; 1.96e-10 s                  ; Yes                        ; No                         ; 3.63 V                      ; 0.000238 V                  ; 3.64 V             ; -0.254 V           ; 0.052 V                             ; 0.543 V                             ; 4.59e-10 s                 ; 1.96e-10 s                 ; Yes                       ; No                        ;
; HEX2[1]  ; 3.3-V LVTTL  ; 0 s                 ; 0 s                 ; 3.63 V                       ; 0.000229 V                   ; 3.65 V              ; -0.319 V            ; 0.041 V                              ; 0.528 V                              ; 4.29e-10 s                  ; 1.87e-10 s                  ; Yes                        ; No                         ; 3.63 V                      ; 0.000229 V                  ; 3.65 V             ; -0.319 V           ; 0.041 V                             ; 0.528 V                             ; 4.29e-10 s                 ; 1.87e-10 s                 ; Yes                       ; No                        ;
; HEX2[2]  ; 3.3-V LVTTL  ; 0 s                 ; 0 s                 ; 3.63 V                       ; 0.000229 V                   ; 3.65 V              ; -0.319 V            ; 0.041 V                              ; 0.528 V                              ; 4.29e-10 s                  ; 1.87e-10 s                  ; Yes                        ; No                         ; 3.63 V                      ; 0.000229 V                  ; 3.65 V             ; -0.319 V           ; 0.041 V                             ; 0.528 V                             ; 4.29e-10 s                 ; 1.87e-10 s                 ; Yes                       ; No                        ;
; HEX2[3]  ; 3.3-V LVTTL  ; 0 s                 ; 0 s                 ; 3.63 V                       ; 0.000184 V                   ; 3.64 V              ; -0.19 V             ; 0.019 V                              ; 0.425 V                              ; 4.44e-10 s                  ; 1.91e-10 s                  ; Yes                        ; No                         ; 3.63 V                      ; 0.000184 V                  ; 3.64 V             ; -0.19 V            ; 0.019 V                             ; 0.425 V                             ; 4.44e-10 s                 ; 1.91e-10 s                 ; Yes                       ; No                        ;
; HEX2[4]  ; 3.3-V LVTTL  ; 0 s                 ; 0 s                 ; 3.63 V                       ; 0.000184 V                   ; 3.64 V              ; -0.19 V             ; 0.019 V                              ; 0.425 V                              ; 4.44e-10 s                  ; 1.91e-10 s                  ; Yes                        ; No                         ; 3.63 V                      ; 0.000184 V                  ; 3.64 V             ; -0.19 V            ; 0.019 V                             ; 0.425 V                             ; 4.44e-10 s                 ; 1.91e-10 s                 ; Yes                       ; No                        ;
; HEX2[5]  ; 3.3-V LVTTL  ; 0 s                 ; 0 s                 ; 3.63 V                       ; 0.000229 V                   ; 3.65 V              ; -0.319 V            ; 0.041 V                              ; 0.528 V                              ; 4.29e-10 s                  ; 1.87e-10 s                  ; Yes                        ; No                         ; 3.63 V                      ; 0.000229 V                  ; 3.65 V             ; -0.319 V           ; 0.041 V                             ; 0.528 V                             ; 4.29e-10 s                 ; 1.87e-10 s                 ; Yes                       ; No                        ;
; HEX2[6]  ; 3.3-V LVTTL  ; 0 s                 ; 0 s                 ; 3.63 V                       ; 0.000229 V                   ; 3.65 V              ; -0.316 V            ; 0.041 V                              ; 0.53 V                               ; 4.29e-10 s                  ; 1.87e-10 s                  ; Yes                        ; No                         ; 3.63 V                      ; 0.000229 V                  ; 3.65 V             ; -0.316 V           ; 0.041 V                             ; 0.53 V                              ; 4.29e-10 s                 ; 1.87e-10 s                 ; Yes                       ; No                        ;
; HEX3[0]  ; 3.3-V LVTTL  ; 0 s                 ; 0 s                 ; 3.63 V                       ; 0.000184 V                   ; 3.64 V              ; -0.19 V             ; 0.019 V                              ; 0.425 V                              ; 4.44e-10 s                  ; 1.91e-10 s                  ; Yes                        ; No                         ; 3.63 V                      ; 0.000184 V                  ; 3.64 V             ; -0.19 V            ; 0.019 V                             ; 0.425 V                             ; 4.44e-10 s                 ; 1.91e-10 s                 ; Yes                       ; No                        ;
; HEX3[1]  ; 3.3-V LVTTL  ; 0 s                 ; 0 s                 ; 3.63 V                       ; 0.000238 V                   ; 3.64 V              ; -0.254 V            ; 0.052 V                              ; 0.543 V                              ; 4.59e-10 s                  ; 1.96e-10 s                  ; Yes                        ; No                         ; 3.63 V                      ; 0.000238 V                  ; 3.64 V             ; -0.254 V           ; 0.052 V                             ; 0.543 V                             ; 4.59e-10 s                 ; 1.96e-10 s                 ; Yes                       ; No                        ;
; HEX3[2]  ; 3.3-V LVTTL  ; 0 s                 ; 0 s                 ; 3.63 V                       ; 0.000238 V                   ; 3.64 V              ; -0.254 V            ; 0.052 V                              ; 0.543 V                              ; 4.59e-10 s                  ; 1.96e-10 s                  ; Yes                        ; No                         ; 3.63 V                      ; 0.000238 V                  ; 3.64 V             ; -0.254 V           ; 0.052 V                             ; 0.543 V                             ; 4.59e-10 s                 ; 1.96e-10 s                 ; Yes                       ; No                        ;
; HEX3[3]  ; 3.3-V LVTTL  ; 0 s                 ; 0 s                 ; 3.63 V                       ; 0.000184 V                   ; 3.64 V              ; -0.19 V             ; 0.019 V                              ; 0.425 V                              ; 4.44e-10 s                  ; 1.91e-10 s                  ; Yes                        ; No                         ; 3.63 V                      ; 0.000184 V                  ; 3.64 V             ; -0.19 V            ; 0.019 V                             ; 0.425 V                             ; 4.44e-10 s                 ; 1.91e-10 s                 ; Yes                       ; No                        ;
; HEX3[4]  ; 3.3-V LVTTL  ; 0 s                 ; 0 s                 ; 3.63 V                       ; 0.000238 V                   ; 3.64 V              ; -0.254 V            ; 0.052 V                              ; 0.543 V                              ; 4.59e-10 s                  ; 1.96e-10 s                  ; Yes                        ; No                         ; 3.63 V                      ; 0.000238 V                  ; 3.64 V             ; -0.254 V           ; 0.052 V                             ; 0.543 V                             ; 4.59e-10 s                 ; 1.96e-10 s                 ; Yes                       ; No                        ;
; HEX3[5]  ; 3.3-V LVTTL  ; 0 s                 ; 0 s                 ; 3.63 V                       ; 0.000238 V                   ; 3.64 V              ; -0.254 V            ; 0.052 V                              ; 0.543 V                              ; 4.59e-10 s                  ; 1.96e-10 s                  ; Yes                        ; No                         ; 3.63 V                      ; 0.000238 V                  ; 3.64 V             ; -0.254 V           ; 0.052 V                             ; 0.543 V                             ; 4.59e-10 s                 ; 1.96e-10 s                 ; Yes                       ; No                        ;
; HEX3[6]  ; 3.3-V LVTTL  ; 0 s                 ; 0 s                 ; 3.63 V                       ; 0.000184 V                   ; 3.64 V              ; -0.19 V             ; 0.019 V                              ; 0.425 V                              ; 4.44e-10 s                  ; 1.91e-10 s                  ; Yes                        ; No                         ; 3.63 V                      ; 0.000184 V                  ; 3.64 V             ; -0.19 V            ; 0.019 V                             ; 0.425 V                             ; 4.44e-10 s                 ; 1.91e-10 s                 ; Yes                       ; No                        ;
; HEX4[0]  ; 3.3-V LVTTL  ; 0 s                 ; 0 s                 ; 3.63 V                       ; 0.000229 V                   ; 3.65 V              ; -0.316 V            ; 0.041 V                              ; 0.53 V                               ; 4.29e-10 s                  ; 1.87e-10 s                  ; Yes                        ; No                         ; 3.63 V                      ; 0.000229 V                  ; 3.65 V             ; -0.316 V           ; 0.041 V                             ; 0.53 V                              ; 4.29e-10 s                 ; 1.87e-10 s                 ; Yes                       ; No                        ;
; HEX4[1]  ; 3.3-V LVTTL  ; 0 s                 ; 0 s                 ; 3.63 V                       ; 0.000184 V                   ; 3.64 V              ; -0.19 V             ; 0.019 V                              ; 0.425 V                              ; 4.44e-10 s                  ; 1.91e-10 s                  ; Yes                        ; No                         ; 3.63 V                      ; 0.000184 V                  ; 3.64 V             ; -0.19 V            ; 0.019 V                             ; 0.425 V                             ; 4.44e-10 s                 ; 1.91e-10 s                 ; Yes                       ; No                        ;
; HEX4[2]  ; 3.3-V LVTTL  ; 0 s                 ; 0 s                 ; 3.63 V                       ; 0.000184 V                   ; 3.64 V              ; -0.19 V             ; 0.019 V                              ; 0.425 V                              ; 4.44e-10 s                  ; 1.91e-10 s                  ; Yes                        ; No                         ; 3.63 V                      ; 0.000184 V                  ; 3.64 V             ; -0.19 V            ; 0.019 V                             ; 0.425 V                             ; 4.44e-10 s                 ; 1.91e-10 s                 ; Yes                       ; No                        ;
; HEX4[3]  ; 3.3-V LVTTL  ; 0 s                 ; 0 s                 ; 3.63 V                       ; 0.000184 V                   ; 3.64 V              ; -0.19 V             ; 0.019 V                              ; 0.425 V                              ; 4.44e-10 s                  ; 1.91e-10 s                  ; Yes                        ; No                         ; 3.63 V                      ; 0.000184 V                  ; 3.64 V             ; -0.19 V            ; 0.019 V                             ; 0.425 V                             ; 4.44e-10 s                 ; 1.91e-10 s                 ; Yes                       ; No                        ;
; HEX4[4]  ; 3.3-V LVTTL  ; 0 s                 ; 0 s                 ; 3.63 V                       ; 0.000238 V                   ; 3.64 V              ; -0.254 V            ; 0.052 V                              ; 0.543 V                              ; 4.59e-10 s                  ; 1.96e-10 s                  ; Yes                        ; No                         ; 3.63 V                      ; 0.000238 V                  ; 3.64 V             ; -0.254 V           ; 0.052 V                             ; 0.543 V                             ; 4.59e-10 s                 ; 1.96e-10 s                 ; Yes                       ; No                        ;
; HEX4[5]  ; 3.3-V LVTTL  ; 0 s                 ; 0 s                 ; 3.63 V                       ; 0.000238 V                   ; 3.64 V              ; -0.254 V            ; 0.052 V                              ; 0.543 V                              ; 4.59e-10 s                  ; 1.96e-10 s                  ; Yes                        ; No                         ; 3.63 V                      ; 0.000238 V                  ; 3.64 V             ; -0.254 V           ; 0.052 V                             ; 0.543 V                             ; 4.59e-10 s                 ; 1.96e-10 s                 ; Yes                       ; No                        ;
; HEX4[6]  ; 3.3-V LVTTL  ; 0 s                 ; 0 s                 ; 3.63 V                       ; 0.000184 V                   ; 3.64 V              ; -0.19 V             ; 0.019 V                              ; 0.425 V                              ; 4.44e-10 s                  ; 1.91e-10 s                  ; Yes                        ; No                         ; 3.63 V                      ; 0.000184 V                  ; 3.64 V             ; -0.19 V            ; 0.019 V                             ; 0.425 V                             ; 4.44e-10 s                 ; 1.91e-10 s                 ; Yes                       ; No                        ;
; HEX5[0]  ; 3.3-V LVTTL  ; 0 s                 ; 0 s                 ; 3.63 V                       ; 0.000238 V                   ; 3.64 V              ; -0.254 V            ; 0.052 V                              ; 0.543 V                              ; 4.59e-10 s                  ; 1.96e-10 s                  ; Yes                        ; No                         ; 3.63 V                      ; 0.000238 V                  ; 3.64 V             ; -0.254 V           ; 0.052 V                             ; 0.543 V                             ; 4.59e-10 s                 ; 1.96e-10 s                 ; Yes                       ; No                        ;
; HEX5[1]  ; 3.3-V LVTTL  ; 0 s                 ; 0 s                 ; 3.63 V                       ; 0.000184 V                   ; 3.64 V              ; -0.19 V             ; 0.019 V                              ; 0.425 V                              ; 4.44e-10 s                  ; 1.91e-10 s                  ; Yes                        ; No                         ; 3.63 V                      ; 0.000184 V                  ; 3.64 V             ; -0.19 V            ; 0.019 V                             ; 0.425 V                             ; 4.44e-10 s                 ; 1.91e-10 s                 ; Yes                       ; No                        ;
; HEX5[2]  ; 3.3-V LVTTL  ; 0 s                 ; 0 s                 ; 3.63 V                       ; 0.000184 V                   ; 3.64 V              ; -0.19 V             ; 0.019 V                              ; 0.425 V                              ; 4.44e-10 s                  ; 1.91e-10 s                  ; Yes                        ; No                         ; 3.63 V                      ; 0.000184 V                  ; 3.64 V             ; -0.19 V            ; 0.019 V                             ; 0.425 V                             ; 4.44e-10 s                 ; 1.91e-10 s                 ; Yes                       ; No                        ;
; HEX5[3]  ; 3.3-V LVTTL  ; 0 s                 ; 0 s                 ; 3.63 V                       ; 0.000184 V                   ; 3.64 V              ; -0.19 V             ; 0.019 V                              ; 0.425 V                              ; 4.44e-10 s                  ; 1.91e-10 s                  ; Yes                        ; No                         ; 3.63 V                      ; 0.000184 V                  ; 3.64 V             ; -0.19 V            ; 0.019 V                             ; 0.425 V                             ; 4.44e-10 s                 ; 1.91e-10 s                 ; Yes                       ; No                        ;
; HEX5[4]  ; 3.3-V LVTTL  ; 0 s                 ; 0 s                 ; 3.63 V                       ; 0.000229 V                   ; 3.65 V              ; -0.319 V            ; 0.041 V                              ; 0.528 V                              ; 4.29e-10 s                  ; 1.87e-10 s                  ; Yes                        ; No                         ; 3.63 V                      ; 0.000229 V                  ; 3.65 V             ; -0.319 V           ; 0.041 V                             ; 0.528 V                             ; 4.29e-10 s                 ; 1.87e-10 s                 ; Yes                       ; No                        ;
; HEX5[5]  ; 3.3-V LVTTL  ; 0 s                 ; 0 s                 ; 3.63 V                       ; 0.000229 V                   ; 3.65 V              ; -0.316 V            ; 0.041 V                              ; 0.53 V                               ; 4.29e-10 s                  ; 1.87e-10 s                  ; Yes                        ; No                         ; 3.63 V                      ; 0.000229 V                  ; 3.65 V             ; -0.316 V           ; 0.041 V                             ; 0.53 V                              ; 4.29e-10 s                 ; 1.87e-10 s                 ; Yes                       ; No                        ;
; HEX5[6]  ; 3.3-V LVTTL  ; 0 s                 ; 0 s                 ; 3.63 V                       ; 0.000238 V                   ; 3.64 V              ; -0.254 V            ; 0.052 V                              ; 0.543 V                              ; 4.59e-10 s                  ; 1.96e-10 s                  ; Yes                        ; No                         ; 3.63 V                      ; 0.000238 V                  ; 3.64 V             ; -0.254 V           ; 0.052 V                             ; 0.543 V                             ; 4.59e-10 s                 ; 1.96e-10 s                 ; Yes                       ; No                        ;
; VGA_R[0] ; 3.3-V LVTTL  ; 0 s                 ; 0 s                 ; 3.63 V                       ; 0.000229 V                   ; 3.65 V              ; -0.319 V            ; 0.041 V                              ; 0.528 V                              ; 4.29e-10 s                  ; 1.87e-10 s                  ; Yes                        ; No                         ; 3.63 V                      ; 0.000229 V                  ; 3.65 V             ; -0.319 V           ; 0.041 V                             ; 0.528 V                             ; 4.29e-10 s                 ; 1.87e-10 s                 ; Yes                       ; No                        ;
; VGA_R[1] ; 3.3-V LVTTL  ; 0 s                 ; 0 s                 ; 3.63 V                       ; 0.000238 V                   ; 3.64 V              ; -0.254 V            ; 0.052 V                              ; 0.543 V                              ; 4.59e-10 s                  ; 1.96e-10 s                  ; Yes                        ; No                         ; 3.63 V                      ; 0.000238 V                  ; 3.64 V             ; -0.254 V           ; 0.052 V                             ; 0.543 V                             ; 4.59e-10 s                 ; 1.96e-10 s                 ; Yes                       ; No                        ;
; VGA_R[2] ; 3.3-V LVTTL  ; 0 s                 ; 0 s                 ; 3.63 V                       ; 0.000184 V                   ; 3.64 V              ; -0.19 V             ; 0.019 V                              ; 0.425 V                              ; 4.44e-10 s                  ; 1.91e-10 s                  ; Yes                        ; No                         ; 3.63 V                      ; 0.000184 V                  ; 3.64 V             ; -0.19 V            ; 0.019 V                             ; 0.425 V                             ; 4.44e-10 s                 ; 1.91e-10 s                 ; Yes                       ; No                        ;
; VGA_R[3] ; 3.3-V LVTTL  ; 0 s                 ; 0 s                 ; 3.63 V                       ; 0.000229 V                   ; 3.65 V              ; -0.316 V            ; 0.041 V                              ; 0.53 V                               ; 4.29e-10 s                  ; 1.87e-10 s                  ; Yes                        ; No                         ; 3.63 V                      ; 0.000229 V                  ; 3.65 V             ; -0.316 V           ; 0.041 V                             ; 0.53 V                              ; 4.29e-10 s                 ; 1.87e-10 s                 ; Yes                       ; No                        ;
; VGA_G[0] ; 3.3-V LVTTL  ; 0 s                 ; 0 s                 ; 3.63 V                       ; 0.000229 V                   ; 3.65 V              ; -0.316 V            ; 0.041 V                              ; 0.53 V                               ; 4.29e-10 s                  ; 1.87e-10 s                  ; Yes                        ; No                         ; 3.63 V                      ; 0.000229 V                  ; 3.65 V             ; -0.316 V           ; 0.041 V                             ; 0.53 V                              ; 4.29e-10 s                 ; 1.87e-10 s                 ; Yes                       ; No                        ;
; VGA_G[1] ; 3.3-V LVTTL  ; 0 s                 ; 0 s                 ; 3.63 V                       ; 0.000229 V                   ; 3.65 V              ; -0.319 V            ; 0.041 V                              ; 0.528 V                              ; 4.29e-10 s                  ; 1.87e-10 s                  ; Yes                        ; No                         ; 3.63 V                      ; 0.000229 V                  ; 3.65 V             ; -0.319 V           ; 0.041 V                             ; 0.528 V                             ; 4.29e-10 s                 ; 1.87e-10 s                 ; Yes                       ; No                        ;
; VGA_G[2] ; 3.3-V LVTTL  ; 0 s                 ; 0 s                 ; 3.63 V                       ; 0.000238 V                   ; 3.64 V              ; -0.254 V            ; 0.052 V                              ; 0.543 V                              ; 4.59e-10 s                  ; 1.96e-10 s                  ; Yes                        ; No                         ; 3.63 V                      ; 0.000238 V                  ; 3.64 V             ; -0.254 V           ; 0.052 V                             ; 0.543 V                             ; 4.59e-10 s                 ; 1.96e-10 s                 ; Yes                       ; No                        ;
; VGA_G[3] ; 3.3-V LVTTL  ; 0 s                 ; 0 s                 ; 3.63 V                       ; 0.000184 V                   ; 3.64 V              ; -0.19 V             ; 0.019 V                              ; 0.425 V                              ; 4.44e-10 s                  ; 1.91e-10 s                  ; Yes                        ; No                         ; 3.63 V                      ; 0.000184 V                  ; 3.64 V             ; -0.19 V            ; 0.019 V                             ; 0.425 V                             ; 4.44e-10 s                 ; 1.91e-10 s                 ; Yes                       ; No                        ;
; VGA_B[0] ; 3.3-V LVTTL  ; 0 s                 ; 0 s                 ; 3.63 V                       ; 0.000229 V                   ; 3.65 V              ; -0.316 V            ; 0.041 V                              ; 0.53 V                               ; 4.29e-10 s                  ; 1.87e-10 s                  ; Yes                        ; No                         ; 3.63 V                      ; 0.000229 V                  ; 3.65 V             ; -0.316 V           ; 0.041 V                             ; 0.53 V                              ; 4.29e-10 s                 ; 1.87e-10 s                 ; Yes                       ; No                        ;
; VGA_B[1] ; 3.3-V LVTTL  ; 0 s                 ; 0 s                 ; 3.63 V                       ; 0.000229 V                   ; 3.65 V              ; -0.319 V            ; 0.041 V                              ; 0.528 V                              ; 4.29e-10 s                  ; 1.87e-10 s                  ; Yes                        ; No                         ; 3.63 V                      ; 0.000229 V                  ; 3.65 V             ; -0.319 V           ; 0.041 V                             ; 0.528 V                             ; 4.29e-10 s                 ; 1.87e-10 s                 ; Yes                       ; No                        ;
; VGA_B[2] ; 3.3-V LVTTL  ; 0 s                 ; 0 s                 ; 3.63 V                       ; 0.000238 V                   ; 3.64 V              ; -0.254 V            ; 0.052 V                              ; 0.543 V                              ; 4.59e-10 s                  ; 1.96e-10 s                  ; Yes                        ; No                         ; 3.63 V                      ; 0.000238 V                  ; 3.64 V             ; -0.254 V           ; 0.052 V                             ; 0.543 V                             ; 4.59e-10 s                 ; 1.96e-10 s                 ; Yes                       ; No                        ;
; VGA_B[3] ; 3.3-V LVTTL  ; 0 s                 ; 0 s                 ; 3.63 V                       ; 0.000184 V                   ; 3.64 V              ; -0.19 V             ; 0.019 V                              ; 0.425 V                              ; 4.44e-10 s                  ; 1.91e-10 s                  ; Yes                        ; No                         ; 3.63 V                      ; 0.000184 V                  ; 3.64 V             ; -0.19 V            ; 0.019 V                             ; 0.425 V                             ; 4.44e-10 s                 ; 1.91e-10 s                 ; Yes                       ; No                        ;
; VGA_HS   ; 3.3-V LVTTL  ; 0 s                 ; 0 s                 ; 3.63 V                       ; 0.000229 V                   ; 3.65 V              ; -0.316 V            ; 0.041 V                              ; 0.53 V                               ; 4.29e-10 s                  ; 1.87e-10 s                  ; Yes                        ; No                         ; 3.63 V                      ; 0.000229 V                  ; 3.65 V             ; -0.316 V           ; 0.041 V                             ; 0.53 V                              ; 4.29e-10 s                 ; 1.87e-10 s                 ; Yes                       ; No                        ;
; VGA_VS   ; 3.3-V LVTTL  ; 0 s                 ; 0 s                 ; 3.63 V                       ; 0.000229 V                   ; 3.65 V              ; -0.319 V            ; 0.041 V                              ; 0.528 V                              ; 4.29e-10 s                  ; 1.87e-10 s                  ; Yes                        ; No                         ; 3.63 V                      ; 0.000229 V                  ; 3.65 V             ; -0.319 V           ; 0.041 V                             ; 0.528 V                             ; 4.29e-10 s                 ; 1.87e-10 s                 ; Yes                       ; No                        ;
; PS2_CLK  ; 3.3-V LVTTL  ; 0 s                 ; 0 s                 ; 3.63 V                       ; 0.000238 V                   ; 3.64 V              ; -0.254 V            ; 0.052 V                              ; 0.543 V                              ; 4.59e-10 s                  ; 1.96e-10 s                  ; Yes                        ; No                         ; 3.63 V                      ; 0.000238 V                  ; 3.64 V             ; -0.254 V           ; 0.052 V                             ; 0.543 V                             ; 4.59e-10 s                 ; 1.96e-10 s                 ; Yes                       ; No                        ;
; PS2_DAT  ; 3.3-V LVTTL  ; 0 s                 ; 0 s                 ; 3.63 V                       ; 0.000238 V                   ; 3.64 V              ; -0.254 V            ; 0.052 V                              ; 0.543 V                              ; 4.59e-10 s                  ; 1.96e-10 s                  ; Yes                        ; No                         ; 3.63 V                      ; 0.000238 V                  ; 3.64 V             ; -0.254 V           ; 0.052 V                             ; 0.543 V                             ; 4.59e-10 s                 ; 1.96e-10 s                 ; Yes                       ; No                        ;
+----------+--------------+---------------------+---------------------+------------------------------+------------------------------+---------------------+---------------------+--------------------------------------+--------------------------------------+-----------------------------+-----------------------------+----------------------------+----------------------------+-----------------------------+-----------------------------+--------------------+--------------------+-------------------------------------+-------------------------------------+----------------------------+----------------------------+---------------------------+---------------------------+


+-------------------------------------------------------------------------------------------------------------------+
; Setup Transfers                                                                                                   ;
+-----------------------------------+-----------------------------------+----------+----------+----------+----------+
; From Clock                        ; To Clock                          ; RR Paths ; FR Paths ; RF Paths ; FF Paths ;
+-----------------------------------+-----------------------------------+----------+----------+----------+----------+
; clk25                             ; clk25                             ; 1297     ; 0        ; 0        ; 0        ;
; MOUSE:mouse_inst|MOUSE_CLK_FILTER ; clk25                             ; 1        ; 407      ; 0        ; 0        ;
; clk25                             ; CLOCK_50                          ; 1        ; 1        ; 0        ; 0        ;
; clk25                             ; MOUSE:mouse_inst|MOUSE_CLK_FILTER ; 0        ; 0        ; 92       ; 0        ;
; MOUSE:mouse_inst|MOUSE_CLK_FILTER ; MOUSE:mouse_inst|MOUSE_CLK_FILTER ; 0        ; 0        ; 0        ; 1338     ;
+-----------------------------------+-----------------------------------+----------+----------+----------+----------+
Entries labeled "false path" only account for clock-to-clock false paths and not path-based false paths. As a result, actual path counts may be lower than reported.


+-------------------------------------------------------------------------------------------------------------------+
; Hold Transfers                                                                                                    ;
+-----------------------------------+-----------------------------------+----------+----------+----------+----------+
; From Clock                        ; To Clock                          ; RR Paths ; FR Paths ; RF Paths ; FF Paths ;
+-----------------------------------+-----------------------------------+----------+----------+----------+----------+
; clk25                             ; clk25                             ; 1297     ; 0        ; 0        ; 0        ;
; MOUSE:mouse_inst|MOUSE_CLK_FILTER ; clk25                             ; 1        ; 407      ; 0        ; 0        ;
; clk25                             ; CLOCK_50                          ; 1        ; 1        ; 0        ; 0        ;
; clk25                             ; MOUSE:mouse_inst|MOUSE_CLK_FILTER ; 0        ; 0        ; 92       ; 0        ;
; MOUSE:mouse_inst|MOUSE_CLK_FILTER ; MOUSE:mouse_inst|MOUSE_CLK_FILTER ; 0        ; 0        ; 0        ; 1338     ;
+-----------------------------------+-----------------------------------+----------+----------+----------+----------+
Entries labeled "false path" only account for clock-to-clock false paths and not path-based false paths. As a result, actual path counts may be lower than reported.


+--------------------------------------------------------------------------------------------+
; Recovery Transfers                                                                         ;
+------------+-----------------------------------+----------+----------+----------+----------+
; From Clock ; To Clock                          ; RR Paths ; FR Paths ; RF Paths ; FF Paths ;
+------------+-----------------------------------+----------+----------+----------+----------+
; clk25      ; MOUSE:mouse_inst|MOUSE_CLK_FILTER ; 0        ; 0        ; 16       ; 0        ;
+------------+-----------------------------------+----------+----------+----------+----------+
Entries labeled "false path" only account for clock-to-clock false paths and not path-based false paths. As a result, actual path counts may be lower than reported.


+--------------------------------------------------------------------------------------------+
; Removal Transfers                                                                          ;
+------------+-----------------------------------+----------+----------+----------+----------+
; From Clock ; To Clock                          ; RR Paths ; FR Paths ; RF Paths ; FF Paths ;
+------------+-----------------------------------+----------+----------+----------+----------+
; clk25      ; MOUSE:mouse_inst|MOUSE_CLK_FILTER ; 0        ; 0        ; 16       ; 0        ;
+------------+-----------------------------------+----------+----------+----------+----------+
Entries labeled "false path" only account for clock-to-clock false paths and not path-based false paths. As a result, actual path counts may be lower than reported.


---------------
; Report TCCS ;
---------------
No dedicated SERDES Transmitter circuitry present in device or used in design


---------------
; Report RSKM ;
---------------
No non-DPA dedicated SERDES Receiver circuitry present in device or used in design


+------------------------------------------------+
; Unconstrained Paths Summary                    ;
+---------------------------------+-------+------+
; Property                        ; Setup ; Hold ;
+---------------------------------+-------+------+
; Illegal Clocks                  ; 0     ; 0    ;
; Unconstrained Clocks            ; 0     ; 0    ;
; Unconstrained Input Ports       ; 13    ; 13   ;
; Unconstrained Input Port Paths  ; 137   ; 137  ;
; Unconstrained Output Ports      ; 67    ; 67   ;
; Unconstrained Output Port Paths ; 179   ; 179  ;
+---------------------------------+-------+------+


+--------------------------------------------------------------------------------------------+
; Clock Status Summary                                                                       ;
+-----------------------------------+-----------------------------------+------+-------------+
; Target                            ; Clock                             ; Type ; Status      ;
+-----------------------------------+-----------------------------------+------+-------------+
; CLOCK_50                          ; CLOCK_50                          ; Base ; Constrained ;
; MOUSE:mouse_inst|MOUSE_CLK_FILTER ; MOUSE:mouse_inst|MOUSE_CLK_FILTER ; Base ; Constrained ;
; clk25                             ; clk25                             ; Base ; Constrained ;
+-----------------------------------+-----------------------------------+------+-------------+


+---------------------------------------------------------------------------------------------------+
; Unconstrained Input Ports                                                                         ;
+------------+--------------------------------------------------------------------------------------+
; Input Port ; Comment                                                                              ;
+------------+--------------------------------------------------------------------------------------+
; KEY[0]     ; No input delay, min/max delays, false-path exceptions, or max skew assignments found ;
; PS2_CLK    ; No input delay, min/max delays, false-path exceptions, or max skew assignments found ;
; PS2_DAT    ; No input delay, min/max delays, false-path exceptions, or max skew assignments found ;
; SW[0]      ; No input delay, min/max delays, false-path exceptions, or max skew assignments found ;
; SW[1]      ; No input delay, min/max delays, false-path exceptions, or max skew assignments found ;
; SW[2]      ; No input delay, min/max delays, false-path exceptions, or max skew assignments found ;
; SW[3]      ; No input delay, min/max delays, false-path exceptions, or max skew assignments found ;
; SW[4]      ; No input delay, min/max delays, false-path exceptions, or max skew assignments found ;
; SW[5]      ; No input delay, min/max delays, false-path exceptions, or max skew assignments found ;
; SW[6]      ; No input delay, min/max delays, false-path exceptions, or max skew assignments found ;
; SW[7]      ; No input delay, min/max delays, false-path exceptions, or max skew assignments found ;
; SW[8]      ; No input delay, min/max delays, false-path exceptions, or max skew assignments found ;
; SW[9]      ; No input delay, min/max delays, false-path exceptions, or max skew assignments found ;
+------------+--------------------------------------------------------------------------------------+


+-----------------------------------------------------------------------------------------------------+
; Unconstrained Output Ports                                                                          ;
+-------------+---------------------------------------------------------------------------------------+
; Output Port ; Comment                                                                               ;
+-------------+---------------------------------------------------------------------------------------+
; HEX0[0]     ; No output delay, min/max delays, false-path exceptions, or max skew assignments found ;
; HEX0[1]     ; No output delay, min/max delays, false-path exceptions, or max skew assignments found ;
; HEX0[2]     ; No output delay, min/max delays, false-path exceptions, or max skew assignments found ;
; HEX0[3]     ; No output delay, min/max delays, false-path exceptions, or max skew assignments found ;
; HEX0[4]     ; No output delay, min/max delays, false-path exceptions, or max skew assignments found ;
; HEX0[5]     ; No output delay, min/max delays, false-path exceptions, or max skew assignments found ;
; HEX0[6]     ; No output delay, min/max delays, false-path exceptions, or max skew assignments found ;
; HEX1[0]     ; No output delay, min/max delays, false-path exceptions, or max skew assignments found ;
; HEX1[1]     ; No output delay, min/max delays, false-path exceptions, or max skew assignments found ;
; HEX1[2]     ; No output delay, min/max delays, false-path exceptions, or max skew assignments found ;
; HEX1[3]     ; No output delay, min/max delays, false-path exceptions, or max skew assignments found ;
; HEX1[4]     ; No output delay, min/max delays, false-path exceptions, or max skew assignments found ;
; HEX1[5]     ; No output delay, min/max delays, false-path exceptions, or max skew assignments found ;
; HEX1[6]     ; No output delay, min/max delays, false-path exceptions, or max skew assignments found ;
; HEX2[0]     ; No output delay, min/max delays, false-path exceptions, or max skew assignments found ;
; HEX2[1]     ; No output delay, min/max delays, false-path exceptions, or max skew assignments found ;
; HEX2[2]     ; No output delay, min/max delays, false-path exceptions, or max skew assignments found ;
; HEX2[3]     ; No output delay, min/max delays, false-path exceptions, or max skew assignments found ;
; HEX2[4]     ; No output delay, min/max delays, false-path exceptions, or max skew assignments found ;
; HEX2[5]     ; No output delay, min/max delays, false-path exceptions, or max skew assignments found ;
; HEX2[6]     ; No output delay, min/max delays, false-path exceptions, or max skew assignments found ;
; HEX3[0]     ; No output delay, min/max delays, false-path exceptions, or max skew assignments found ;
; HEX3[1]     ; No output delay, min/max delays, false-path exceptions, or max skew assignments found ;
; HEX3[2]     ; No output delay, min/max delays, false-path exceptions, or max skew assignments found ;
; HEX3[3]     ; No output delay, min/max delays, false-path exceptions, or max skew assignments found ;
; HEX3[4]     ; No output delay, min/max delays, false-path exceptions, or max skew assignments found ;
; HEX3[5]     ; No output delay, min/max delays, false-path exceptions, or max skew assignments found ;
; HEX3[6]     ; No output delay, min/max delays, false-path exceptions, or max skew assignments found ;
; HEX4[0]     ; No output delay, min/max delays, false-path exceptions, or max skew assignments found ;
; HEX4[2]     ; No output delay, min/max delays, false-path exceptions, or max skew assignments found ;
; HEX4[3]     ; No output delay, min/max delays, false-path exceptions, or max skew assignments found ;
; HEX4[4]     ; No output delay, min/max delays, false-path exceptions, or max skew assignments found ;
; HEX4[5]     ; No output delay, min/max delays, false-path exceptions, or max skew assignments found ;
; HEX4[6]     ; No output delay, min/max delays, false-path exceptions, or max skew assignments found ;
; HEX5[0]     ; No output delay, min/max delays, false-path exceptions, or max skew assignments found ;
; HEX5[1]     ; No output delay, min/max delays, false-path exceptions, or max skew assignments found ;
; HEX5[2]     ; No output delay, min/max delays, false-path exceptions, or max skew assignments found ;
; HEX5[3]     ; No output delay, min/max delays, false-path exceptions, or max skew assignments found ;
; HEX5[4]     ; No output delay, min/max delays, false-path exceptions, or max skew assignments found ;
; HEX5[5]     ; No output delay, min/max delays, false-path exceptions, or max skew assignments found ;
; HEX5[6]     ; No output delay, min/max delays, false-path exceptions, or max skew assignments found ;
; LEDR[0]     ; No output delay, min/max delays, false-path exceptions, or max skew assignments found ;
; LEDR[1]     ; No output delay, min/max delays, false-path exceptions, or max skew assignments found ;
; LEDR[2]     ; No output delay, min/max delays, false-path exceptions, or max skew assignments found ;
; LEDR[3]     ; No output delay, min/max delays, false-path exceptions, or max skew assignments found ;
; LEDR[4]     ; No output delay, min/max delays, false-path exceptions, or max skew assignments found ;
; LEDR[5]     ; No output delay, min/max delays, false-path exceptions, or max skew assignments found ;
; LEDR[6]     ; No output delay, min/max delays, false-path exceptions, or max skew assignments found ;
; LEDR[7]     ; No output delay, min/max delays, false-path exceptions, or max skew assignments found ;
; LEDR[8]     ; No output delay, min/max delays, false-path exceptions, or max skew assignments found ;
; LEDR[9]     ; No output delay, min/max delays, false-path exceptions, or max skew assignments found ;
; PS2_CLK     ; No output delay, min/max delays, false-path exceptions, or max skew assignments found ;
; PS2_DAT     ; No output delay, min/max delays, false-path exceptions, or max skew assignments found ;
; VGA_B[0]    ; No output delay, min/max delays, false-path exceptions, or max skew assignments found ;
; VGA_B[1]    ; No output delay, min/max delays, false-path exceptions, or max skew assignments found ;
; VGA_B[2]    ; No output delay, min/max delays, false-path exceptions, or max skew assignments found ;
; VGA_B[3]    ; No output delay, min/max delays, false-path exceptions, or max skew assignments found ;
; VGA_G[0]    ; No output delay, min/max delays, false-path exceptions, or max skew assignments found ;
; VGA_G[1]    ; No output delay, min/max delays, false-path exceptions, or max skew assignments found ;
; VGA_G[2]    ; No output delay, min/max delays, false-path exceptions, or max skew assignments found ;
; VGA_G[3]    ; No output delay, min/max delays, false-path exceptions, or max skew assignments found ;
; VGA_HS      ; No output delay, min/max delays, false-path exceptions, or max skew assignments found ;
; VGA_R[0]    ; No output delay, min/max delays, false-path exceptions, or max skew assignments found ;
; VGA_R[1]    ; No output delay, min/max delays, false-path exceptions, or max skew assignments found ;
; VGA_R[2]    ; No output delay, min/max delays, false-path exceptions, or max skew assignments found ;
; VGA_R[3]    ; No output delay, min/max delays, false-path exceptions, or max skew assignments found ;
; VGA_VS      ; No output delay, min/max delays, false-path exceptions, or max skew assignments found ;
+-------------+---------------------------------------------------------------------------------------+


+---------------------------------------------------------------------------------------------------+
; Unconstrained Input Ports                                                                         ;
+------------+--------------------------------------------------------------------------------------+
; Input Port ; Comment                                                                              ;
+------------+--------------------------------------------------------------------------------------+
; KEY[0]     ; No input delay, min/max delays, false-path exceptions, or max skew assignments found ;
; PS2_CLK    ; No input delay, min/max delays, false-path exceptions, or max skew assignments found ;
; PS2_DAT    ; No input delay, min/max delays, false-path exceptions, or max skew assignments found ;
; SW[0]      ; No input delay, min/max delays, false-path exceptions, or max skew assignments found ;
; SW[1]      ; No input delay, min/max delays, false-path exceptions, or max skew assignments found ;
; SW[2]      ; No input delay, min/max delays, false-path exceptions, or max skew assignments found ;
; SW[3]      ; No input delay, min/max delays, false-path exceptions, or max skew assignments found ;
; SW[4]      ; No input delay, min/max delays, false-path exceptions, or max skew assignments found ;
; SW[5]      ; No input delay, min/max delays, false-path exceptions, or max skew assignments found ;
; SW[6]      ; No input delay, min/max delays, false-path exceptions, or max skew assignments found ;
; SW[7]      ; No input delay, min/max delays, false-path exceptions, or max skew assignments found ;
; SW[8]      ; No input delay, min/max delays, false-path exceptions, or max skew assignments found ;
; SW[9]      ; No input delay, min/max delays, false-path exceptions, or max skew assignments found ;
+------------+--------------------------------------------------------------------------------------+


+-----------------------------------------------------------------------------------------------------+
; Unconstrained Output Ports                                                                          ;
+-------------+---------------------------------------------------------------------------------------+
; Output Port ; Comment                                                                               ;
+-------------+---------------------------------------------------------------------------------------+
; HEX0[0]     ; No output delay, min/max delays, false-path exceptions, or max skew assignments found ;
; HEX0[1]     ; No output delay, min/max delays, false-path exceptions, or max skew assignments found ;
; HEX0[2]     ; No output delay, min/max delays, false-path exceptions, or max skew assignments found ;
; HEX0[3]     ; No output delay, min/max delays, false-path exceptions, or max skew assignments found ;
; HEX0[4]     ; No output delay, min/max delays, false-path exceptions, or max skew assignments found ;
; HEX0[5]     ; No output delay, min/max delays, false-path exceptions, or max skew assignments found ;
; HEX0[6]     ; No output delay, min/max delays, false-path exceptions, or max skew assignments found ;
; HEX1[0]     ; No output delay, min/max delays, false-path exceptions, or max skew assignments found ;
; HEX1[1]     ; No output delay, min/max delays, false-path exceptions, or max skew assignments found ;
; HEX1[2]     ; No output delay, min/max delays, false-path exceptions, or max skew assignments found ;
; HEX1[3]     ; No output delay, min/max delays, false-path exceptions, or max skew assignments found ;
; HEX1[4]     ; No output delay, min/max delays, false-path exceptions, or max skew assignments found ;
; HEX1[5]     ; No output delay, min/max delays, false-path exceptions, or max skew assignments found ;
; HEX1[6]     ; No output delay, min/max delays, false-path exceptions, or max skew assignments found ;
; HEX2[0]     ; No output delay, min/max delays, false-path exceptions, or max skew assignments found ;
; HEX2[1]     ; No output delay, min/max delays, false-path exceptions, or max skew assignments found ;
; HEX2[2]     ; No output delay, min/max delays, false-path exceptions, or max skew assignments found ;
; HEX2[3]     ; No output delay, min/max delays, false-path exceptions, or max skew assignments found ;
; HEX2[4]     ; No output delay, min/max delays, false-path exceptions, or max skew assignments found ;
; HEX2[5]     ; No output delay, min/max delays, false-path exceptions, or max skew assignments found ;
; HEX2[6]     ; No output delay, min/max delays, false-path exceptions, or max skew assignments found ;
; HEX3[0]     ; No output delay, min/max delays, false-path exceptions, or max skew assignments found ;
; HEX3[1]     ; No output delay, min/max delays, false-path exceptions, or max skew assignments found ;
; HEX3[2]     ; No output delay, min/max delays, false-path exceptions, or max skew assignments found ;
; HEX3[3]     ; No output delay, min/max delays, false-path exceptions, or max skew assignments found ;
; HEX3[4]     ; No output delay, min/max delays, false-path exceptions, or max skew assignments found ;
; HEX3[5]     ; No output delay, min/max delays, false-path exceptions, or max skew assignments found ;
; HEX3[6]     ; No output delay, min/max delays, false-path exceptions, or max skew assignments found ;
; HEX4[0]     ; No output delay, min/max delays, false-path exceptions, or max skew assignments found ;
; HEX4[2]     ; No output delay, min/max delays, false-path exceptions, or max skew assignments found ;
; HEX4[3]     ; No output delay, min/max delays, false-path exceptions, or max skew assignments found ;
; HEX4[4]     ; No output delay, min/max delays, false-path exceptions, or max skew assignments found ;
; HEX4[5]     ; No output delay, min/max delays, false-path exceptions, or max skew assignments found ;
; HEX4[6]     ; No output delay, min/max delays, false-path exceptions, or max skew assignments found ;
; HEX5[0]     ; No output delay, min/max delays, false-path exceptions, or max skew assignments found ;
; HEX5[1]     ; No output delay, min/max delays, false-path exceptions, or max skew assignments found ;
; HEX5[2]     ; No output delay, min/max delays, false-path exceptions, or max skew assignments found ;
; HEX5[3]     ; No output delay, min/max delays, false-path exceptions, or max skew assignments found ;
; HEX5[4]     ; No output delay, min/max delays, false-path exceptions, or max skew assignments found ;
; HEX5[5]     ; No output delay, min/max delays, false-path exceptions, or max skew assignments found ;
; HEX5[6]     ; No output delay, min/max delays, false-path exceptions, or max skew assignments found ;
; LEDR[0]     ; No output delay, min/max delays, false-path exceptions, or max skew assignments found ;
; LEDR[1]     ; No output delay, min/max delays, false-path exceptions, or max skew assignments found ;
; LEDR[2]     ; No output delay, min/max delays, false-path exceptions, or max skew assignments found ;
; LEDR[3]     ; No output delay, min/max delays, false-path exceptions, or max skew assignments found ;
; LEDR[4]     ; No output delay, min/max delays, false-path exceptions, or max skew assignments found ;
; LEDR[5]     ; No output delay, min/max delays, false-path exceptions, or max skew assignments found ;
; LEDR[6]     ; No output delay, min/max delays, false-path exceptions, or max skew assignments found ;
; LEDR[7]     ; No output delay, min/max delays, false-path exceptions, or max skew assignments found ;
; LEDR[8]     ; No output delay, min/max delays, false-path exceptions, or max skew assignments found ;
; LEDR[9]     ; No output delay, min/max delays, false-path exceptions, or max skew assignments found ;
; PS2_CLK     ; No output delay, min/max delays, false-path exceptions, or max skew assignments found ;
; PS2_DAT     ; No output delay, min/max delays, false-path exceptions, or max skew assignments found ;
; VGA_B[0]    ; No output delay, min/max delays, false-path exceptions, or max skew assignments found ;
; VGA_B[1]    ; No output delay, min/max delays, false-path exceptions, or max skew assignments found ;
; VGA_B[2]    ; No output delay, min/max delays, false-path exceptions, or max skew assignments found ;
; VGA_B[3]    ; No output delay, min/max delays, false-path exceptions, or max skew assignments found ;
; VGA_G[0]    ; No output delay, min/max delays, false-path exceptions, or max skew assignments found ;
; VGA_G[1]    ; No output delay, min/max delays, false-path exceptions, or max skew assignments found ;
; VGA_G[2]    ; No output delay, min/max delays, false-path exceptions, or max skew assignments found ;
; VGA_G[3]    ; No output delay, min/max delays, false-path exceptions, or max skew assignments found ;
; VGA_HS      ; No output delay, min/max delays, false-path exceptions, or max skew assignments found ;
; VGA_R[0]    ; No output delay, min/max delays, false-path exceptions, or max skew assignments found ;
; VGA_R[1]    ; No output delay, min/max delays, false-path exceptions, or max skew assignments found ;
; VGA_R[2]    ; No output delay, min/max delays, false-path exceptions, or max skew assignments found ;
; VGA_R[3]    ; No output delay, min/max delays, false-path exceptions, or max skew assignments found ;
; VGA_VS      ; No output delay, min/max delays, false-path exceptions, or max skew assignments found ;
+-------------+---------------------------------------------------------------------------------------+


+--------------------------+
; Timing Analyzer Messages ;
+--------------------------+
Info: *******************************************************************
Info: Running Quartus Prime Timing Analyzer
    Info: Version 18.1.0 Build 625 09/12/2018 SJ Lite Edition
    Info: Processing started: Thu May 07 15:04:58 2026
Info: Command: quartus_sta jpjr -c jpjr
Info: qsta_default_script.tcl version: #1
Warning (18236): Number of processors has not been specified which may cause overloading on shared machines.  Set the global assignment NUM_PARALLEL_PROCESSORS in your QSF to an appropriate value for best performance.
Info (20030): Parallel compilation is enabled and will use 16 of the 16 processors detected
Info (21076): High junction temperature operating condition is not set. Assuming a default value of '85'.
Info (21076): Low junction temperature operating condition is not set. Assuming a default value of '0'.
Critical Warning (332012): Synopsys Design Constraints File file not found: 'jpjr.sdc'. A Synopsys Design Constraints File is required by the Timing Analyzer to get proper timing constraints. Without it, the Compiler will not properly optimize the design.
Info (332142): No user constrained base clocks found in the design. Calling "derive_clocks -period 1.0"
Info (332105): Deriving Clocks
    Info (332105): create_clock -period 1.000 -name MOUSE:mouse_inst|MOUSE_CLK_FILTER MOUSE:mouse_inst|MOUSE_CLK_FILTER
    Info (332105): create_clock -period 1.000 -name clk25 clk25
    Info (332105): create_clock -period 1.000 -name CLOCK_50 CLOCK_50
Info (332143): No user constrained clock uncertainty found in the design. Calling "derive_clock_uncertainty"
Info (332123): Deriving Clock Uncertainty. Please refer to report_sdc in the Timing Analyzer to see clock uncertainties.
Info: Found TIMING_ANALYZER_REPORT_SCRIPT_INCLUDE_DEFAULT_ANALYSIS = ON
Info: Analyzing Slow 1100mV 85C Model
Critical Warning (332148): Timing requirements not met
    Info (11105): For recommendations on closing timing, run Report Timing Closure Recommendations in the Timing Analyzer.
Info (332146): Worst-case setup slack is -5.095
    Info (332119):     Slack       End Point TNS Clock 
    Info (332119): ========= =================== =====================
    Info (332119):    -5.095            -218.222 clk25 
    Info (332119):    -3.765            -271.187 MOUSE:mouse_inst|MOUSE_CLK_FILTER 
    Info (332119):    -2.237              -2.237 CLOCK_50 
Info (332146): Worst-case hold slack is 0.070
    Info (332119):     Slack       End Point TNS Clock 
    Info (332119): ========= =================== =====================
    Info (332119):     0.070               0.000 clk25 
    Info (332119):     0.489               0.000 MOUSE:mouse_inst|MOUSE_CLK_FILTER 
    Info (332119):     0.701               0.000 CLOCK_50 
Info (332146): Worst-case recovery slack is -1.513
    Info (332119):     Slack       End Point TNS Clock 
    Info (332119): ========= =================== =====================
    Info (332119):    -1.513             -24.101 MOUSE:mouse_inst|MOUSE_CLK_FILTER 
Info (332146): Worst-case removal slack is 0.683
    Info (332119):     Slack       End Point TNS Clock 
    Info (332119): ========= =================== =====================
    Info (332119):     0.683               0.000 MOUSE:mouse_inst|MOUSE_CLK_FILTER 
Info (332146): Worst-case minimum pulse width slack is -0.563
    Info (332119):     Slack       End Point TNS Clock 
    Info (332119): ========= =================== =====================
    Info (332119):    -0.563              -1.101 CLOCK_50 
    Info (332119):    -0.538             -81.332 clk25 
    Info (332119):    -0.538             -74.199 MOUSE:mouse_inst|MOUSE_CLK_FILTER 
Info: Analyzing Slow 1100mV 0C Model
Info (334003): Started post-fitting delay annotation
Info (334004): Delay annotation completed successfully
Info (332123): Deriving Clock Uncertainty. Please refer to report_sdc in the Timing Analyzer to see clock uncertainties.
Critical Warning (332148): Timing requirements not met
    Info (11105): For recommendations on closing timing, run Report Timing Closure Recommendations in the Timing Analyzer.
Info (332146): Worst-case setup slack is -5.352
    Info (332119):     Slack       End Point TNS Clock 
    Info (332119): ========= =================== =====================
    Info (332119):    -5.352            -215.986 clk25 
    Info (332119):    -3.562            -255.849 MOUSE:mouse_inst|MOUSE_CLK_FILTER 
    Info (332119):    -2.140              -2.140 CLOCK_50 
Info (332146): Worst-case hold slack is 0.212
    Info (332119):     Slack       End Point TNS Clock 
    Info (332119): ========= =================== =====================
    Info (332119):     0.212               0.000 clk25 
    Info (332119):     0.461               0.000 MOUSE:mouse_inst|MOUSE_CLK_FILTER 
    Info (332119):     0.629               0.000 CLOCK_50 
Info (332146): Worst-case recovery slack is -1.390
    Info (332119):     Slack       End Point TNS Clock 
    Info (332119): ========= =================== =====================
    Info (332119):    -1.390             -22.136 MOUSE:mouse_inst|MOUSE_CLK_FILTER 
Info (332146): Worst-case removal slack is 0.597
    Info (332119):     Slack       End Point TNS Clock 
    Info (332119): ========= =================== =====================
    Info (332119):     0.597               0.000 MOUSE:mouse_inst|MOUSE_CLK_FILTER 
Info (332146): Worst-case minimum pulse width slack is -0.606
    Info (332119):     Slack       End Point TNS Clock 
    Info (332119): ========= =================== =====================
    Info (332119):    -0.606              -1.144 CLOCK_50 
    Info (332119):    -0.538             -80.498 clk25 
    Info (332119):    -0.538             -73.299 MOUSE:mouse_inst|MOUSE_CLK_FILTER 
Info: Analyzing Fast 1100mV 85C Model
Info (334003): Started post-fitting delay annotation
Info (334004): Delay annotation completed successfully
Info (332123): Deriving Clock Uncertainty. Please refer to report_sdc in the Timing Analyzer to see clock uncertainties.
Critical Warning (332148): Timing requirements not met
    Info (11105): For recommendations on closing timing, run Report Timing Closure Recommendations in the Timing Analyzer.
Info (332146): Worst-case setup slack is -2.561
    Info (332119):     Slack       End Point TNS Clock 
    Info (332119): ========= =================== =====================
    Info (332119):    -2.561             -83.140 clk25 
    Info (332119):    -1.645              -1.645 CLOCK_50 
    Info (332119):    -1.502            -107.333 MOUSE:mouse_inst|MOUSE_CLK_FILTER 
Info (332146): Worst-case hold slack is -0.175
    Info (332119):     Slack       End Point TNS Clock 
    Info (332119): ========= =================== =====================
    Info (332119):    -0.175              -0.175 clk25 
    Info (332119):     0.221               0.000 MOUSE:mouse_inst|MOUSE_CLK_FILTER 
    Info (332119):     0.779               0.000 CLOCK_50 
Info (332146): Worst-case recovery slack is -0.622
    Info (332119):     Slack       End Point TNS Clock 
    Info (332119): ========= =================== =====================
    Info (332119):    -0.622              -9.916 MOUSE:mouse_inst|MOUSE_CLK_FILTER 
Info (332146): Worst-case removal slack is 0.195
    Info (332119):     Slack       End Point TNS Clock 
    Info (332119): ========= =================== =====================
    Info (332119):     0.195               0.000 MOUSE:mouse_inst|MOUSE_CLK_FILTER 
Info (332146): Worst-case minimum pulse width slack is -0.683
    Info (332119):     Slack       End Point TNS Clock 
    Info (332119): ========= =================== =====================
    Info (332119):    -0.683              -1.179 CLOCK_50 
    Info (332119):    -0.076              -1.534 clk25 
    Info (332119):    -0.004              -0.004 MOUSE:mouse_inst|MOUSE_CLK_FILTER 
Info: Analyzing Fast 1100mV 0C Model
Info (332123): Deriving Clock Uncertainty. Please refer to report_sdc in the Timing Analyzer to see clock uncertainties.
Critical Warning (332148): Timing requirements not met
    Info (11105): For recommendations on closing timing, run Report Timing Closure Recommendations in the Timing Analyzer.
Info (332146): Worst-case setup slack is -2.315
    Info (332119):     Slack       End Point TNS Clock 
    Info (332119): ========= =================== =====================
    Info (332119):    -2.315             -70.607 clk25 
    Info (332119):    -1.386              -1.386 CLOCK_50 
    Info (332119):    -1.287             -92.389 MOUSE:mouse_inst|MOUSE_CLK_FILTER 
Info (332146): Worst-case hold slack is -0.165
    Info (332119):     Slack       End Point TNS Clock 
    Info (332119): ========= =================== =====================
    Info (332119):    -0.165              -0.165 clk25 
    Info (332119):     0.213               0.000 MOUSE:mouse_inst|MOUSE_CLK_FILTER 
    Info (332119):     0.569               0.000 CLOCK_50 
Info (332146): Worst-case recovery slack is -0.543
    Info (332119):     Slack       End Point TNS Clock 
    Info (332119): ========= =================== =====================
    Info (332119):    -0.543              -8.649 MOUSE:mouse_inst|MOUSE_CLK_FILTER 
Info (332146): Worst-case removal slack is 0.172
    Info (332119):     Slack       End Point TNS Clock 
    Info (332119): ========= =================== =====================
    Info (332119):     0.172               0.000 MOUSE:mouse_inst|MOUSE_CLK_FILTER 
Info (332146): Worst-case minimum pulse width slack is -0.717
    Info (332119):     Slack       End Point TNS Clock 
    Info (332119): ========= =================== =====================
    Info (332119):    -0.717              -1.305 CLOCK_50 
    Info (332119):    -0.022              -0.393 clk25 
    Info (332119):     0.017               0.000 MOUSE:mouse_inst|MOUSE_CLK_FILTER 
Info (332102): Design is not fully constrained for setup requirements
Info (332102): Design is not fully constrained for hold requirements
Info: Quartus Prime Timing Analyzer was successful. 0 errors, 6 warnings
    Info: Peak virtual memory: 5223 megabytes
    Info: Processing ended: Thu May 07 15:05:03 2026
    Info: Elapsed time: 00:00:05
    Info: Total CPU time (on all processors): 00:00:07


